Study.name,Binomial,original.n.ind,final.n.ind,total.n.pts,start.date,end.date,total.days,median.interval.mins,sd.interval.mins,ave.long,ave.lat,countries,iso
cheetah_botswana,Acinonyx jubatus,8,8,16272,9/29/07,7/16/11,1386,360,3279.2,23.5904878,-19.431755,Botswana,BWA
cheetah_namibia,Acinonyx jubatus,197,193,2371702,8/27/05,11/24/24,7029,15,2419.2,17.909141,-22.201566,Namibia,NAM
impala_botswana_delta,Aepyceros melampus,7,7,239347,7/23/16,11/14/16,114,5,8,23.6220765,-19.527484,Botswana,BWA
impala_kenya,Aepyceros melampus,21,21,342457,6/1/11,9/11/12,468,20,12.5,36.8714206,0.41419562,Kenya,KEN
moose_ab_sk_canada,Alces alces,23,23,85488,1/15/13,11/5/15,1024,59,476.3,-110.36738,55.4538326,Canada,CAN
moose_jackson_wyoming,Alces alces,30,30,680416,3/7/19,2/11/25,2168,30,305.5,-110.85234,43.5202031,United States of America,USA
moose_norway,Alces alces,156,156,774514,3/1/06,1/13/23,6162,120,2039,13.6595322,63.8163908,"Norway, NA, Finland, Sweden","-99, NA, FIN, SWE"
moose_wyoming,Alces alces,82,82,948734,2/23/11,8/31/14,1285,60,941.9,-110.27975,42.9813575,United States of America,USA
springbok_etosha,Antidorcas marsupialis,16,16,511256,6/30/19,10/14/22,1202,15,375.7,15.2813364,-19.246383,Namibia,NAM
pronghorn_wyoming,Antilocapra americana,361,353,1906967,3/23/18,8/21/24,2343,120,378.8,-106.28048,42.1531689,United States of America,USA
canis_aureus_india,Canis aureus,11,10,51820,6/26/16,10/15/19,1206,15,275.8,74.5979248,18.340504,India,IND
golden_jackal_serbia,Canis aureus,19,19,48002,4/5/19,3/5/25,2161,180,86.2,20.341275,44.7427681,"Serbia, Hungary","SRB, HUN"
jackal_balkans_potocnik,Canis aureus,8,8,12031,4/9/18,8/5/24,2310,235,1452.3,14.1285426,45.7480762,"Slovenia, Austria, Italy, Croatia","SVN, AUT, ITA, HRV"
canis_latrans_siuc,Canis latrans,39,39,78153,3/7/18,9/6/23,2009,90,171.6,-88.765641,39.0682177,United States of America,USA
coyote_south_carolina,Canis latrans,17,12,9149,10/2/16,8/22/17,324,240,446.8,-81.623244,33.3251108,United States of America,USA
coyotes_fort_bragg,Canis latrans,30,30,85750,2/3/11,10/10/12,615,180,942.5,-79.240011,35.1545881,United States of America,USA
canis_lupus_bnaff,Canis lupus,39,23,81411,12/18/09,12/2/24,5463,120,1411.6,-115.67491,51.3780174,"Canada, United States of America","CAN, USA"
grey_wolf_turkiye,Canis lupus,38,24,61329,5/31/13,7/28/24,4076,300,785.9,42.5294829,40.2871655,Turkey,TUR
wolf_ab_sk_canada,Canis lupus,55,54,388433,1/15/13,1/10/16,1090,5,735.6,-110.75872,55.4988805,Canada,CAN
wolf_austria,Canis lupus,7,7,24496,5/9/19,3/26/25,2148,120,1276.4,16.6425963,49.8785982,"Austria, Czechia, Poland","AUT, CZE, POL"
wolf_balkans_potocnik,Canis lupus,12,11,19156,4/14/10,1/18/25,5393,180,219.1,13.9181733,45.9533769,"Slovenia, Croatia, Italy, Austria","SVN, HRV, ITA, AUT"
wolf_borris,Canis lupus,1,1,1086,12/6/22,3/1/23,85,60,99.7,8.72189865,55.9012752,Denmark,DNK
wolf_croatia,Canis lupus,6,6,8479,7/29/09,1/27/24,5295,180,2199.6,16.6372132,43.5887288,"Croatia, NA","HRV, NA"
wolf_germany,Canis lupus,27,25,77092,3/6/09,4/30/25,5899,240,220.8,14.7145355,51.4964569,"Germany, Poland, Belarus, Lithuania","DEU, POL, BLR, LTU"
wolf_greece,Canis lupus,2,2,3492,11/15/11,8/2/24,4644,118,116.7,22.1758274,40.8126622,"Greece, North Macedonia","GRC, MKD"
wolf_northern_gye,Canis lupus,117,110,438831,1/20/01,3/4/24,8444,59,4061.1,-110.48183,44.8733993,United States of America,USA
wolf_serbia,Canis lupus,1,1,2333,11/10/20,10/14/21,338,180,118.6,19.9082629,43.2200561,Serbia,SRB
wolf_spain,Canis lupus,3,3,19860,3/9/17,5/25/22,1903,20,184.6,-6.6738431,43.4387509,Spain,ESP
dingo_myall_lakes,Canis lupus dingo,10,10,67735,4/26/21,6/25/24,1156,60,693,152.275193,-32.572397,"Australia, NA","AUS, NA"
capra_ibex_belledonne,Capra ibex,118,88,392523,5/15/17,8/20/23,2288,120,1508.7,6.09106401,45.2253199,France,-99
ibex_alpi_cozie_euromammals,Capra ibex,15,6,12052,7/4/18,6/30/20,727,180,823.6,7.09778635,45.0828209,Italy,ITA
ibex_belledonne_euromammals,Capra ibex,139,96,554940,5/15/17,8/18/24,2652,119,2749.7,6.07976543,45.2281926,France,-99
ibex_ecrins_np_euromammals,Capra ibex,85,54,106638,4/23/13,4/30/20,2564,360,2840.3,6.3000286,44.8836851,"France, Italy","-99, ITA"
ibex_euromammals_15,Capra ibex,8,15,81399,9/14/10,9/13/17,2556,60,1957.6,11.8737794,46.4007739,Italy,ITA
ibex_euromammals_16,Capra ibex,15,8,42361,8/13/18,9/29/20,778,60,65.1,10.4000794,46.7144953,"Italy, Switzerland","ITA, CHE"
ibex_gran_paradiso_np_euromammals,Capra ibex,26,15,26214,4/30/13,12/21/16,1331,120,386.2,7.23580937,45.5787533,Italy,ITA
ibex_hohe_tauern_np_euromammals,Capra ibex,13,11,29450,7/24/17,11/10/24,2666,240,1770.7,12.5349299,47.0700603,Austria,AUT
ibex_swiss_np_euromammals,Capra ibex,31,27,162830,5/16/07,6/19/19,4417,89,4631.4,10.0823453,46.5968342,"Switzerland, Italy","CHE, ITA"
ibex_vanoise_np_euromammals,Capra ibex,43,43,73575,5/23/03,3/30/20,6156,180,298.6,6.86609972,45.3977539,"Italy, France","ITA, -99"
nubian_ibex_israel,Capra nubiana,37,35,91811,9/18/16,8/16/20,1428,180,488.7,35.4008356,31.5416069,"Israel, Palestine","ISR, PSE"
iberian_ibex_france,Capra pyrenaica,9,8,29603,5/17/23,3/14/25,667,120,63.1,0.16154668,42.8100347,"France, Spain","-99, ESP"
roe_deer_aarhus,Capreolus capreolus,29,27,130016,3/5/06,12/8/21,5757,60,1216,10.2764182,56.2850538,Denmark,DNK
roe_deer_bauges_france,Capreolus capreolus,35,32,103958,9/21/04,8/22/23,6909,41,5129.4,6.20058172,45.6392376,France,-99
roe_deer_euromammals_1_1,Capreolus capreolus,54,25,48641,1/26/05,3/15/08,1144,240,257.9,11.0418485,46.0186308,Italy,ITA
roe_deer_euromammals_1_24,Capreolus capreolus,48,27,67510,12/17/12,8/16/15,972,180,327.5,10.7619417,46.0764362,Italy,ITA
roe_deer_euromammals_1_34,Capreolus capreolus,66,30,282255,12/3/16,3/22/21,1570,60,1472.1,11.177589,46.1302581,Italy,ITA
roe_deer_euromammals_12_16,Capreolus capreolus,36,23,82290,4/2/08,3/14/14,2172,15,726.8,23.4664106,52.6806614,Poland,POL
roe_deer_euromammals_13_15,Capreolus capreolus,72,33,924278,2/22/10,10/27/14,1708,15,224.3,7.97740086,48.6327622,Germany,DEU
roe_deer_euromammals_13_31,Capreolus capreolus,24,12,241986,12/7/11,10/27/14,1055,15,54.3,8.72936216,47.8830927,Germany,DEU
roe_deer_euromammals_19_25,Capreolus capreolus,141,65,1386078,11/29/11,3/27/15,1214,30,304.5,7.54429336,46.5786775,Switzerland,CHE
roe_deer_euromammals_21_17,Capreolus capreolus,51,26,59662,10/20/07,11/10/12,1848,194,326.7,15.0844976,47.4473193,Austria,AUT
roe_deer_euromammals_24_27,Capreolus capreolus,88,51,285683,12/18/02,2/20/20,6273,120,5414.4,4.92313569,48.7026699,France,-99
roe_deer_euromammals_28_40,Capreolus capreolus,9,5,11227,10/24/07,9/28/14,2531,121,478.4,6.20448634,46.2470572,"Switzerland, France","CHE, -99"
roe_deer_euromammals_3_19,Capreolus capreolus,160,67,217600,3/8/10,1/15/22,4331,255,7761.4,15.4486159,59.6821349,Sweden,SWE
roe_deer_euromammals_3_20,Capreolus capreolus,5,5,9246,3/18/12,4/7/13,385,30,190.9,18.1943361,59.3976566,"NA, Sweden","NA, SWE"
roe_deer_euromammals_3_3,Capreolus capreolus,60,30,100211,1/23/07,10/24/12,2101,239,1042.2,12.4301426,58.151564,Sweden,SWE
roe_deer_euromammals_4_4,Capreolus capreolus,53,14,64952,1/16/03,3/8/09,2243,19,4933.6,-0.4254618,46.1201726,France,-99
roe_deer_euromammals_43_42,Capreolus capreolus,13,7,79943,1/7/21,12/27/22,719,16,71.9,10.3264691,49.3174586,Germany,DEU
roe_deer_euromammals_5_5,Capreolus capreolus,25,25,56657,2/18/08,2/12/11,1090,180,260.4,8.73565395,60.6860877,Norway,-99
roe_deer_euromammals_53_41,Capreolus capreolus,30,11,70778,2/16/21,8/8/23,903,15,186.1,14.1251894,46.2560963,Slovenia,SVN
roe_deer_euromammals_7_7,Capreolus capreolus,15,8,16127,2/14/08,4/3/12,1510,30,262,12.4864588,52.2276357,Germany,DEU
roe_deer_euromammals_8_8,Capreolus capreolus,645,335,1136013,12/18/02,1/5/21,6593,60,8004.2,0.88146325,43.288458,France,-99
roe_deer_euromammals_czechia,Capreolus capreolus,10,10,2054659,1/4/18,9/26/20,996,0,79.6,14.5454867,50.7430526,Czechia,CZE
roe_deer_greece,Capreolus capreolus,1,1,693,6/5/21,8/2/21,58,120,4.6,21.4242441,40.5519675,Greece,GRC
caracal_cape_town,Caracal caracal,27,26,57160,11/24/14,2/28/17,827,20,1465.9,18.4123612,-34.110334,"South Africa, NA","ZAF, NA"
cervus_canadensis_bnaff,Cervus canadensis,6,6,29402,2/6/08,12/2/24,6144,120,58.1,-115.59514,51.2017537,Canada,CAN
cervus_canadensis_wyoming,Cervus canadensis,180,180,2131158,3/2/16,12/9/24,3204,90,236.9,-110.63441,43.6555129,United States of America,USA
elk_cody_wyoming,Cervus canadensis,85,85,781360,2/11/19,2/14/22,1099,120,759.8,-109.50581,44.2836985,United States of America,USA
elk_montana,Cervus canadensis,171,169,853385,1/14/07,3/15/13,2252,120,361.3,-114.30139,49.5245309,"Canada, United States of America","CAN, USA"
elk_northern_gye,Cervus canadensis,129,109,1420981,2/7/01,2/3/21,7301,59,508.1,-110.63926,44.9855374,United States of America,USA
elk_yoho,Cervus canadensis,14,14,204334,12/18/18,6/20/21,915,60,83.7,-116.48652,51.4126681,Canada,CAN
red_deer_austria,Cervus elaphus,11,11,20124,6/25/19,2/9/24,1690,510,149.3,15.3297977,48.6510103,Austria,AUT
red_deer_euromammals_1_46,Cervus elaphus,24,15,107959,1/11/21,3/27/23,805,60,53.5,11.0391915,46.4630945,Italy,ITA
red_deer_euromammals_13_38,Cervus elaphus,41,41,575185,2/16/07,4/9/20,4801,60,470.4,8.39133622,48.5117566,Germany,DEU
red_deer_euromammals_14_1,Cervus elaphus,81,81,389217,1/21/05,3/18/11,2247,60,168.1,6.19210648,61.396287,"Norway, NA","-99, NA"
red_deer_euromammals_14_2,Cervus elaphus,27,27,270289,2/22/09,6/30/19,3780,60,660.6,8.63422985,60.5588516,Norway,-99
red_deer_euromammals_14_42,Cervus elaphus,3,3,4680,1/1/19,6/30/19,180,120,134.9,7.00353436,62.1367479,Norway,-99
red_deer_euromammals_14_43,Cervus elaphus,24,24,73726,1/1/19,6/15/20,531,60,1698.3,7.56826002,61.0385394,"Norway, NA","-99, NA"
red_deer_euromammals_14_44,Cervus elaphus,10,10,25527,2/25/20,6/15/20,111,60,5.5,6.18521588,62.0288015,"Norway, NA","-99, NA"
red_deer_euromammals_14_45,Cervus elaphus,5,5,16625,3/11/19,6/15/20,462,60,3763.3,8.5926507,62.6985998,Norway,-99
red_deer_euromammals_21_37,Cervus elaphus,21,21,97790,2/21/09,9/29/11,950,180,262.4,14.0336428,47.0231747,Austria,AUT
red_deer_euromammals_24_10,Cervus elaphus,74,73,1002472,9/1/00,4/10/18,6430,15,9054.7,7.33153628,48.8182503,France,-99
red_deer_euromammals_28_15,Cervus elaphus,51,18,73042,3/31/09,2/2/15,2134,119,604.8,6.10156723,46.3153701,"Switzerland, France","CHE, -99"
red_deer_euromammals_28_16,Cervus elaphus,2,1,1912,3/20/14,1/31/15,317,120,309.9,7.39501115,47.3894647,"Switzerland, France","CHE, -99"
red_deer_euromammals_3_11,Cervus elaphus,56,23,141850,2/7/06,8/17/12,2383,60,565.1,16.4875191,58.774639,Sweden,SWE
red_deer_euromammals_3_12,Cervus elaphus,37,16,113983,2/11/07,7/28/14,2724,16,456.5,13.8357226,55.6383519,Sweden,SWE
red_deer_euromammals_3_13,Cervus elaphus,10,4,31700,2/17/08,3/30/10,772,15,1340.2,12.4841456,58.331649,Sweden,SWE
red_deer_euromammals_30_3,Cervus elaphus,70,31,125071,4/28/05,4/30/13,2924,60,1411,10.5264297,46.4400662,"Italy, Switzerland","ITA, CHE"
red_deer_euromammals_32_14,Cervus elaphus,23,23,86343,3/27/08,1/5/14,2110,180,846.7,9.94421438,53.981215,Germany,DEU
red_deer_euromammals_33_17,Cervus elaphus,83,38,227308,10/23/01,10/11/19,6562,60,1110.9,5.40129417,50.0875251,Belgium,BEL
red_deer_euromammals_33_18,Cervus elaphus,27,11,136778,1/2/11,10/6/22,4295,60,379.5,6.26306543,50.4989777,"Belgium, Germany","BEL, DEU"
red_deer_euromammals_33_19,Cervus elaphus,5,2,13802,2/7/10,10/8/12,974,239,114.8,4.80419832,49.9678253,"Belgium, France","BEL, -99"
red_deer_euromammals_33_20,Cervus elaphus,2,1,6935,4/4/08,6/25/09,447,16,474,5.70387,50.2481324,Belgium,BEL
red_deer_euromammals_33_21,Cervus elaphus,74,32,223434,4/1/01,2/18/20,6897,60,9039.4,6.04530419,50.5742952,"Belgium, Germany","BEL, DEU"
red_deer_euromammals_34_22,Cervus elaphus,25,13,159263,3/1/05,6/5/15,3748,60,52.9,16.613654,47.5963917,"Hungary, Austria","HUN, AUT"
red_deer_euromammals_34_23,Cervus elaphus,34,18,142787,2/9/04,3/18/15,4055,60,55.4,16.7233006,46.6327946,Hungary,HUN
red_deer_euromammals_34_24,Cervus elaphus,24,15,130522,4/4/06,9/15/14,3086,60,115.8,17.4664224,46.0986935,"Hungary, Croatia","HUN, HRV"
red_deer_euromammals_37_39,Cervus elaphus,12,7,46142,1/2/19,5/14/20,498,59,3462.8,13.8413851,48.9162822,Czechia,CZE
red_deer_euromammals_37_40,Cervus elaphus,5,4,25683,1/1/19,5/14/20,499,30,2076,13.0532438,50.2304255,Czechia,CZE
red_deer_euromammals_37_41,Cervus elaphus,16,10,85222,1/1/19,5/14/20,499,30,2791.2,12.6307205,50.0681845,Czechia,CZE
red_deer_euromammals_50_47,Cervus elaphus,30,12,168090,12/1/08,12/1/10,730,60,29.9,11.0671102,44.0125541,Italy,ITA
red_deer_euromammals_8_5,Cervus elaphus,18,9,26499,11/20/97,12/13/00,1119,179,2007.1,3.76283077,44.3261868,France,-99
red_deer_euromammals_8_6,Cervus elaphus,18,11,14964,10/1/02,3/30/04,546,180,442.7,0.54230238,42.8427652,France,-99
red_deer_euromammals_berchtesgaden_np,Cervus elaphus,30,30,433481,2/8/22,2/26/24,748,60,163.6,12.9747737,47.5254879,"Germany, Austria","DEU, AUT"
red_deer_france,Cervus elaphus,6,6,100002,12/17/21,1/25/24,769,30,31.9,2.60159541,44.3939006,France,-99
red_deer_klelund,Cervus elaphus,13,13,320020,4/4/13,5/14/22,3327,29,15.2,8.90829413,55.5847567,Denmark,DNK
red_deer_loevenholm,Cervus elaphus,5,5,85316,9/26/19,5/11/22,958,60,35.5,10.4799856,56.4118967,Denmark,DNK
red_deer_norway,Cervus elaphus,409,407,3554744,1/21/05,3/31/21,5913,60,1910.8,7.41699888,61.7216584,"NA, Norway","NA, -99"
red_deer_norway_2018,Cervus elaphus,4,4,17647,6/28/07,3/18/11,1359,60,986.6,6.17275428,61.3907714,Norway,-99
red_deer_norway_nina,Cervus elaphus,39,24,67593,2/24/05,4/30/24,7005,360,786.9,9.06148612,60.9667025,"Norway, Sweden","-99, SWE"
red_deer_ovstrup,Cervus elaphus,13,13,229308,3/13/19,9/21/23,1653,60,673.8,8.93877163,56.2325845,Denmark,DNK
red_deer_signer_foscari,Cervus elaphus,21,20,107078,1/29/13,10/12/17,1717,200,431.1,13.529229,46.6883725,Austria,AUT
red_deer_signer_kellerwald,Cervus elaphus,7,7,47383,2/3/09,2/20/15,2208,358,589.3,8.98295178,51.1438692,Germany,DEU
red_deer_signer_sh,Cervus elaphus,24,24,89071,3/27/08,1/6/14,2111,180,838.7,9.94936245,53.9800326,Germany,DEU
red_deer_signer_weyer,Cervus elaphus,21,20,52197,3/25/16,3/22/19,1092,230,1560.5,14.5679393,47.7757683,Austria,AUT
red_deer_st_hjoellund,Cervus elaphus,10,10,87650,3/15/06,3/13/24,6573,60,37,9.36382983,55.9993841,Denmark,DNK
reddeer_slovenia_euromammals,Cervus elaphus,30,30,227420,2/6/04,12/16/20,6158,60,151.8,14.7196359,45.8532015,"Slovenia, Hungary, Italy, Croatia","SVN, HUN, ITA, HRV"
vervet_laikipia_kenya,Chlorocebus pygerythrus,12,12,297838,1/16/14,1/30/15,379,15,20.9,36.9075646,0.31315339,Kenya,KEN
blue_wildebeest_botswana_delta,Connochaetes taurinus,7,7,26738,8/30/15,10/29/16,426,60,800.8,23.51504,-19.39022,Botswana,BWA
blue_wildebeest_botswana_makgadikgadi,Connochaetes taurinus,17,18,182373,5/14/16,11/17/17,552,60,11.9,24.9050652,-20.50076,Botswana,BWA
wildebeest_20102013,Connochaetes taurinus,36,36,276703,5/25/10,12/4/12,924,60,186.3,36.3331298,-1.721623,"Kenya, Tanzania","KEN, TZA"
wildebeest_20172021,Connochaetes taurinus,10,10,43345,3/13/17,10/31/21,1693,240,3069.7,35.4382943,-1.3829978,"Kenya, Tanzania","KEN, TZA"
spotted_hyena_botswana,Crocuta crocuta,16,16,42289,9/25/06,5/24/11,1702,120,2729.6,23.6422032,-19.507839,Botswana,BWA
fossa_fichtel,Cryptoprocta ferox,15,15,4805,6/10/09,11/17/10,525,60,1848.3,44.6779849,-20.074985,Madagascar,MDG
tsessebe_botswana_delta,Damaliscus lunatus,8,7,505820,9/1/15,11/24/16,450,5,20.3,23.528953,-19.390852,Botswana,BWA
opossum_siuc,Didelphis virginiana,5,3,197,4/30/22,3/28/23,332,2160,4064.9,-80.347822,25.204956,United States of America,USA
opossum_south_carolina,Didelphis virginiana,55,46,55066,9/7/18,4/20/22,1321,120,711.6,-81.649798,33.2590615,United States of America,USA
equus_quagga_gorongosa,Equus quagga,7,7,39635,6/12/22,2/19/24,617,30,76.3,34.4314554,-18.949242,Mozambique,MOZ
plains_zebra_botswana_delta,Equus quagga,14,14,690279,11/20/14,1/22/17,794,5,51.5,23.6290363,-19.443214,Botswana,BWA
plains_zebra_botswana_makgadikgadi,Equus quagga,9,20,187683,5/12/16,12/12/18,944,60,151.8,24.6956971,-20.445436,Botswana,BWA
redfronted_lemur_fichtel,Eulemur rufifrons,11,11,23138,3/18/08,3/9/10,721,30,4144.9,44.67277,-20.07307,Madagascar,MDG
felis_chaus_india,Felis chaus,23,21,144675,3/6/16,2/27/22,2184,15,472.4,74.6088206,18.3067935,India,IND
wildcat_de_be_ne_border,Felis silvestris,9,9,323957,11/3/23,6/27/24,237,0,113.4,5.88352411,50.8151518,"Netherlands, Belgium","NLD, BEL"
wildcat_de_be_ne_border1415,Felis silvestris,6,6,5142,6/1/14,8/9/15,434,120,344.1,5.99270224,50.7574611,"Netherlands, Germany, Belgium","NLD, DEU, BEL"
wildcat_euromammals_12_16,Felis silvestris,12,12,16449,1/15/17,3/12/18,421,300,134.4,7.09174513,49.8348246,Germany,DEU
wildcat_euromammals_33_30,Felis silvestris,10,9,1427,11/29/19,9/26/20,302,420,2144.8,-6.4329231,42.9408136,Spain,ESP
wildcat_euromammals_41_25,Felis silvestris,8,7,4640,12/21/20,10/8/23,1021,300,504.5,14.5321853,45.7744905,"Slovenia, Croatia","SVN, HRV"
wildcat_euromammals_7_33,Felis silvestris,25,24,80514,3/20/10,5/14/23,4803,38,3911.4,7.06837178,49.9430032,Germany,DEU
wildcat_euromammals_7_34,Felis silvestris,5,5,3716,8/26/14,11/3/15,434,120,818.3,7.61154367,49.4632202,Germany,DEU
wildcat_hesse_germany,Felis silvestris,15,12,9041,2/29/20,12/29/21,669,118,6244.5,8.39830297,50.6675243,Germany,DEU
northern_giraffe_gcf,Giraffa camelopardalis,25,25,232243,3/19/16,3/1/25,3269,60,1397.8,25.5382934,6.06853756,"Uganda, Niger, Dem. Rep. Congo, Chad","UGA, NER, COD, TCD"
giraffe_etosha,Giraffa giraffa,10,8,73255,11/1/19,6/27/21,604,60,167.4,15.0202952,-19.197188,Namibia,NAM
southern_giraffe_gcf,Giraffa giraffa,48,47,500400,7/20/16,3/3/25,3148,60,1332,16.7761606,-19.611309,"Namibia, Zimbabwe, South Africa, Mozambique","NAM, ZWE, ZAF, MOZ"
reticulated_giraffe_gcf,Giraffa reticulata,5,5,73118,6/4/17,12/3/20,1278,60,256.8,37.1970787,0.48430938,Kenya,KEN
masai_giraffe_gcf,Giraffa tippelskirchi,18,18,113332,2/6/20,3/2/25,1851,60,527,35.9426012,-2.1548918,"Tanzania, Kenya, Rwanda","TZA, KEN, RWA"
hyaena_hyaena_india,Hyaena hyaena,3,3,15319,8/19/21,4/6/22,230,15,172,74.6162947,18.2671188,India,IND
guanaco_argentina,Lama guanicoe,73,72,586096,1/23/19,5/29/24,1953,120,181.9,-70.232456,-48.353066,"Argentina, NA","ARG, NA"
hare_2011_uckermark,Lepus europaeus,10,9,30133,5/15/11,11/30/11,199,30,150,13.6859609,53.3528767,Germany,DEU
hare_2014_freising,Lepus europaeus,13,11,28023,5/13/14,2/6/15,269,60,86.2,11.8189289,48.4592919,Germany,DEU
hare_2014_uckermark,Lepus europaeus,23,20,34007,3/9/14,2/7/15,335,60,212.8,13.6524951,53.3481916,Germany,DEU
hare_2015_freising,Lepus europaeus,11,9,15627,4/30/15,11/17/15,201,60,82.8,11.8387588,48.4715379,Germany,DEU
hare_2015_uckermark,Lepus europaeus,11,10,16191,5/22/15,1/12/16,235,60,103.2,13.6635058,53.3384484,Germany,DEU
hare_2019_quillow,Lepus europaeus,3,3,56994,7/18/19,12/11/19,146,4,14.3,13.7905044,53.3667128,Germany,DEU
hare_2020_quillow,Lepus europaeus,14,14,134378,5/3/20,8/31/20,120,4,14.9,13.8024552,53.3812408,Germany,DEU
hare_aarhus,Lepus europaeus,3,3,8423,9/6/23,1/16/25,498,60,105.6,10.2034751,56.1670572,Denmark,DNK
hare_mols,Lepus europaeus,25,25,225664,5/11/14,12/27/19,2056,15,84.2,10.4559113,56.1924114,Denmark,DNK
elephant_botswana,Loxodonta africana,173,171,1339152,1/17/01,6/21/22,7825,60,3322.5,24.0180667,-18.989023,"Zimbabwe, Botswana, Namibia, Zambia, Angola, South Africa","ZWE, BWA, NAM, ZMB, AGO, ZAF"
elephant_namibia,Loxodonta africana,86,86,2878470,10/31/08,7/24/15,2457,27,404.8,16.0355584,-18.997219,"Namibia, Angola, Botswana, Zambia","NAM, AGO, BWA, ZMB"
elephant_south_africa,Loxodonta africana,10,10,576595,7/18/18,7/23/21,1101,15,47.3,27.8212113,-24.294898,South Africa,ZAF
african_wilddog_botswana,Lycaon pictus,8,8,27393,9/3/21,6/24/23,659,180,130,23.5575304,-19.459003,Botswana,BWA
wild_dog_botswana_uzh,Lycaon pictus,34,34,20899,4/23/21,1/25/25,1373,240,2781.5,23.628832,-19.357824,Botswana,BWA
wilddog_botswana,Lycaon pictus,8,8,8090,9/3/07,6/8/11,1374,362,1452.9,23.6787628,-19.440694,Botswana,BWA
croatia_lynx,Lynx lynx,4,4,3418,3/7/19,1/18/23,1413,300,327.9,15.1315602,45.1019102,"Croatia, Bosnia and Herz.","HRV, BIH"
eurasian_lynx_sweden,Lynx lynx,20,20,30400,3/12/18,12/12/24,2467,360,264.1,16.1996068,59.5402324,"Sweden, NA","SWE, NA"
lynx_balkans_potocnik,Lynx lynx,10,10,14227,12/28/10,3/1/25,5177,151,2503,14.7617488,45.6572021,"Slovenia, Croatia","SVN, HRV"
lynx_euromammals_10,Lynx lynx,10,10,7374,2/8/08,9/13/24,6062,241,1487.9,15.0498035,44.8485757,"Croatia, Bosnia and Herz., NA, Slovenia","HRV, BIH, NA, SVN"
lynx_euromammals_12,Lynx lynx,19,19,19665,3/3/08,4/26/18,3706,240,12448.1,25.5625148,58.5496597,"Estonia, Latvia","EST, LVA"
lynx_euromammals_17,Lynx lynx,4,4,3762,3/25/11,5/15/15,1512,358,918.1,18.2365876,49.3857616,"Czechia, Slovakia","CZE, SVK"
lynx_euromammals_22,Lynx lynx,81,78,133489,5/15/03,5/27/17,5126,120,9714.2,17.5567469,66.3438133,"Norway, Sweden, NA, Finland","-99, SWE, NA, FIN"
lynx_euromammals_23,Lynx lynx,83,78,113158,6/4/01,4/6/17,5785,180,14282.2,17.1269022,65.0932355,"Sweden, Norway, NA","SWE, -99, NA"
lynx_euromammals_4,Lynx lynx,11,11,14465,12/1/19,11/10/24,1806,241,2049.4,14.0637411,46.1512763,"Slovenia, Croatia, Italy, Austria","SVN, HRV, ITA, AUT"
lynx_euromammals_49,Lynx lynx,51,51,144345,1/25/19,12/31/21,1071,180,1226.8,15.8341032,53.3470975,"Poland, Germany, Czechia, NA","POL, DEU, CZE, NA"
lynx_euromammals_5,Lynx lynx,15,15,24494,12/29/06,10/19/24,6504,240,1104.3,14.5851952,45.7340554,"Slovenia, Croatia","SVN, HRV"
lynx_euromammals_9,Lynx lynx,8,8,16098,6/15/17,1/26/25,2782,120,217.5,17.8636292,49.4300997,"Czechia, Slovakia","CZE, SVK"
lynx_serbia,Lynx lynx,1,1,2622,2/3/23,1/10/24,341,180,46.5,21.8843991,44.440726,Serbia,SRB
lynx_turkiye,Lynx lynx,20,19,22672,6/4/14,7/6/24,3685,300,1264.7,42.631363,40.2615391,Turkey,TUR
bobcat_central_california,Lynx rufus,40,40,647601,6/3/17,12/29/18,574,5,55.9,-121.7,37.1258065,United States of America,USA
bobcat_olympic_peninsula,Lynx rufus,9,9,20806,3/20/21,9/28/24,1288,60,185.5,-123.91979,48.1134376,United States of America,USA
lynx_rufus_siuc,Lynx rufus,42,42,92142,3/3/18,12/30/24,2494,120,985.7,-89.351271,39.7958373,United States of America,USA
guenthers_dikdik_kenya,Madoqua guentheri,15,15,20542,6/18/10,10/2/11,471,10,390.1,36.9032751,0.37470044,Kenya,KEN
giant_anteater_brazil,Myrmecophaga tridactyla,41,41,853619,5/7/17,7/27/19,811,20,142.6,-53.758572,-21.189032,Brazil,BRA
mule_deer_wyoming,Odocoileus hemionus,804,786,4186226,3/16/14,6/13/24,3742,120,1607.4,-109.45392,42.5099963,United States of America,USA
white_tailed_deer_ny,Odocoileus virginianus,157,138,715320,8/24/21,6/20/23,665,60,590.9,-74.007775,40.8218189,"United States of America, NA","USA, NA"
white_tailed_deer_pennsylvania,Odocoileus virginianus,32,30,75448,3/3/19,10/1/20,578,240,1123.1,-76.578788,40.4278779,United States of America,USA
whitetailed_deer_fort_bragg,Odocoileus virginianus,34,34,165919,3/8/11,7/31/13,876,150,1595.9,-79.24833,35.1182583,United States of America,USA
whitetailed_deer_siuc,Odocoileus virginianus,157,157,2133516,1/9/21,12/30/24,1451,30,618.7,-88.948356,38.5187812,United States of America,USA
muflon_bauges_france,Ovis gmelini musimon,24,24,73336,9/30/04,4/8/19,5303,20,1684.6,6.20084849,45.690838,France,-99
muflon_caroux_france,Ovis gmelini musimon,284,276,999696,6/22/03,10/30/23,7435,120,6017.6,2.96118097,43.633809,France,-99
lion_botswana,Panthera leo,18,18,49441,8/16/07,7/23/11,1437,120,3589.5,23.5858277,-19.466608,Botswana,BWA
lion_kenya,Panthera leo,4,4,4816,9/6/24,1/16/25,132,121,25.7,38.1825799,-3.5487038,Kenya,KEN
lion_serengeti,Panthera leo,20,18,92273,3/18/18,9/19/19,550,61,195,34.6386801,-2.6178827,Tanzania,TZA
jaguar_atlantic_forest,Panthera onca,6,6,4407,6/29/06,6/3/12,2166,240,1799.5,-57.825788,-22.695836,Paraguay,PRY
jaguar_costa_rica,Panthera onca,1,1,5923,11/20/14,6/18/16,576,120,122.2,-85.662051,10.8126913,Costa Rica,CRI
jaguar_dry_chaco,Panthera onca,6,6,8194,6/21/02,8/12/12,3705,181,515.4,-59.982622,-21.035898,Paraguay,PRY
jaguar_greater_lacandona_ecosystem,Panthera onca,5,4,1254,1/8/12,11/10/13,672,580,8176.5,-91.040028,16.7344019,"Mexico, Guatemala","MEX, GTM"
jaguar_humid_chaco,Panthera onca,8,8,5435,6/23/09,7/9/15,2207,180,897.8,-58.122924,-23.344385,Paraguay,PRY
jaguar_iop,Panthera onca,6,6,3945,12/6/11,12/7/15,1462,301,3417.7,-52.891172,-17.403493,Brazil,BRA
jaguar_jaguar_conservation_in_argentina,Panthera onca,5,5,8633,2/26/09,6/27/13,1582,30,505.8,-54.368133,-25.664162,"Argentina, Brazil, Paraguay","ARG, BRA, PRY"
jaguar_jaguar_conservation_in_the_atlantic_forest,Panthera onca,10,7,1920,2/26/02,4/10/06,1504,660,6689.2,-53.205583,-22.775266,Brazil,BRA
jaguar_jaguar_conservation_in_the_caatinga_biome,Panthera onca,2,2,6950,11/14/14,6/2/16,566,60,35.1,-42.574915,-8.6463415,Brazil,BRA
jaguar_jaguar_mamiraua,Panthera onca,8,7,6831,12/11/10,8/1/15,1694,242,2791.8,-64.858977,-3.0396337,Brazil,BRA
jaguar_jaguar_mex,Panthera onca,1,1,978,1/12/14,12/3/15,690,120,5529.4,-87.595065,21.3588463,Mexico,MEX
jaguar_jaguar_of_sonora,Panthera onca,2,2,2192,1/2/12,1/1/14,730,240,7768.8,-109.30687,29.66748,Mexico,MEX
jaguar_jaguar_oncafari_project,Panthera onca,10,10,18694,10/30/11,8/30/15,1400,60,9092.2,-56.279674,-19.955389,Brazil,BRA
jaguar_jaguar_taiama,Panthera onca,13,13,39497,1/1/11,4/18/16,1934,60,4321.7,-57.452384,-16.904906,Brazil,BRA
jaguar_jaguars_movement_pattern_in_a_fragmente_landscape,Panthera onca,1,1,2431,9/6/13,10/20/15,774,120,12939.8,-48.548945,-15.904354,Brazil,BRA
jaguar_pantanal,Panthera onca,1,1,726,6/5/10,12/14/10,192,181,627,-58.10154,-20.495086,"Paraguay, Brazil","PRY, BRA"
jaguar_panthera_pantanal_jaguar_project,Panthera onca,15,14,3814,7/8/10,2/1/14,1304,480,30434.1,-56.815422,-17.392342,Brazil,BRA
jaguar_paraguayan_pantanal,Panthera onca,2,2,2993,8/9/05,8/19/06,375,240,478.2,-58.191354,-19.987544,"Paraguay, Bolivia","PRY, BOL"
jaguar_rio_negro,Panthera onca,4,3,688,8/22/15,6/24/16,307,301,9878.1,-56.248596,-19.639754,Brazil,BRA
jaguar_sao_bento,Panthera onca,11,11,8388,6/20/08,10/29/11,1226,180,9861.7,-56.965328,-19.502292,Brazil,BRA
leopard_laikipia_kenya,Panthera pardus,4,4,63174,1/20/14,1/27/15,372,15,796.8,36.8954337,0.30915798,Kenya,KEN
leopard_namibia,Panthera pardus,30,30,446189,11/26/12,1/17/24,4069,15,650,17.3653292,-22.671917,Namibia,NAM
leopard_sa_fattebert,Panthera pardus,18,18,29919,7/16/04,9/2/12,2970,300,5020.7,32.3241382,-27.793422,South Africa,ZAF
snow_leopard_mongolia,Panthera uncia,29,29,60566,8/19/08,6/16/24,5780,300,16739,100.630899,43.1982643,Mongolia,MNG
baboon_laikipia_kenya,Papio anubis,6,6,151007,1/15/14,1/27/15,377,15,88.1,36.9134325,0.32818693,Kenya,KEN
baboon_amboseli,Papio cynocephalus,12,12,418731,7/6/21,5/15/24,1044,5,54.3,37.0955744,-2.7172844,"Kenya, Tanzania","KEN, TZA"
yellow_baboon_amboseli_2018,Papio cynocephalus,22,22,145750,3/12/06,9/18/10,1651,60,7.1,37.0904597,2.71998457,Kenya,KEN
fishing_cat_khao_sam_roi_yot,Prionailurus viverrinus,13,12,56911,6/26/22,3/22/24,635,10,251.4,99.9024911,12.1903131,"Thailand, NA","THA, NA"
fishing_cat_sl,Prionailurus viverrinus,4,4,20948,7/20/15,8/18/22,2586,10,109.4,79.929263,6.88283113,Sri Lanka,LKA
procapra_gutturosa_mongolia,Procapra gutturosa,5,5,100592,9/23/19,2/14/24,1605,60,5,110.415609,46.1111091,Mongolia,MNG
tibetan_gazelle_chiatung,Procapra picticaudata,6,6,2894,8/23/22,3/13/25,933,1440,NA,97.5826168,33.3318045,China,CHN
procyon_lotor_2011_uckermark,Procyon lotor,8,8,16682,5/23/11,11/26/11,187,40,297.1,13.6549826,53.3410269,Germany,DEU
procyon_lotor_berlin,Procyon lotor,19,19,209580,9/9/16,11/9/20,1522,12,3106.4,13.3987671,52.5269391,Germany,DEU
procyon_lotor_wa_pr,Procyon lotor,13,13,17769,5/12/21,7/10/23,789,11,488.6,8.89891178,50.4100711,Germany,DEU
raccoon_brandenburg,Procyon lotor,30,27,153146,5/22/20,8/30/23,1195,4,234.1,13.7709358,53.3792853,Germany,DEU
raccoon_siuc,Procyon lotor,17,17,2934,4/28/22,2/25/23,303,901,1710.4,-80.323614,25.2473157,"NA, United States of America","NA, USA"
raccoon_south_carolina,Procyon lotor,46,46,55066,9/7/18,4/20/22,1321,120,711.5,-81.649798,33.2590622,United States of America,USA
white_sifaka_fichtel,Propithecus verreauxi,9,9,9379,10/18/16,4/19/17,183,30,4670.6,44.6737526,-20.073759,Madagascar,MDG
puma_concolor_argentina,Puma concolor,44,44,185743,1/30/19,5/28/24,1945,180,402.5,-70.243379,-48.041797,"Argentina, NA","ARG, NA"
puma_concolor_brazil,Puma concolor,13,13,55619,7/6/15,7/30/20,1851,60,167.2,-49.339091,-21.80042,Brazil,BRA
puma_concolor_california,Puma concolor,91,88,267827,3/11/09,12/17/24,5760,240,8477.4,-122.04398,37.1229209,"United States of America, NA","USA, NA"
caribou_ab_sk_canada,Rangifer tarandus,8,8,17419,12/24/12,11/5/15,1046,60,303.5,-109.95808,55.6017449,Canada,CAN
caribou_ontario,Rangifer tarandus,123,123,406220,2/20/10,4/1/13,1136,150,841.3,-89.503166,51.1716973,Canada,CAN
reindeer_norway,Rangifer tarandus,116,116,544147,3/20/01,1/13/23,7969,180,1423.2,8.35099725,60.7747186,Norway,-99
chamois_orlu_france,Rupicapra pyrenaica,57,57,300170,6/25/16,7/31/23,2592,119,1236.2,1.96415919,42.6507412,France,-99
chamois_bauges_france,Rupicapra rupicapra,255,255,1201331,9/14/03,9/15/23,7306,59,2907,6.22301573,45.6525178,France,-99
philippine_deer_guam,Rusa marianna,9,9,11175,8/8/19,7/2/20,329,240,1113,144.879619,13.6123878,"NA, Guam","NA, GUM"
wild_boar_france,Sus scrofa,71,71,405610,2/1/18,11/26/24,2490,30,138.4,3.518179,43.8614158,France,-99
wild_boar_japan,Sus scrofa,16,16,22819,1/12/16,3/13/19,1156,30,99,140.965964,37.4574862,Japan,JPN
wild_pig_guam,Sus scrofa,13,10,7548,8/8/19,6/30/20,327,240,613.9,144.900884,13.5899384,"NA, Guam","NA, GUM"
wildboar_czech,Sus scrofa,107,100,720241,12/10/13,4/16/23,3414,30,1260,14.4033508,50.0331725,Czechia,CZE
wildboar_euromammals_11_42,Sus scrofa,8,8,31487,7/25/13,3/10/18,1689,60,2035.1,16.8315847,49.4569118,Czechia,CZE
wildboar_euromammals_11_44,Sus scrofa,6,6,27643,8/11/14,7/23/18,1442,60,720.5,14.2045227,49.3364631,Czechia,CZE
wildboar_euromammals_11_45,Sus scrofa,12,12,55832,12/20/12,10/12/17,1757,120,203.4,14.0557679,48.7739761,"Czechia, Germany, Austria","CZE, DEU, AUT"
wildboar_euromammals_13_11,Sus scrofa,4,4,30509,6/8/11,11/21/13,897,30,23.4,5.48979665,50.580287,Belgium,BEL
wildboar_euromammals_13_12,Sus scrofa,2,2,7299,7/28/16,8/30/17,398,60,36.4,4.56458875,50.0030287,Belgium,BEL
wildboar_euromammals_13_13,Sus scrofa,20,20,69547,6/8/05,7/11/12,2590,45,371,5.10680401,50.1802034,Belgium,BEL
wildboar_euromammals_13_15,Sus scrofa,13,13,45452,11/6/03,8/2/12,3192,60,750.8,6.05798722,50.5833395,"Belgium, Germany","BEL, DEU"
wildboar_euromammals_13_16,Sus scrofa,7,6,56310,8/8/12,9/17/17,1866,59,281.6,5.38268431,50.2759061,Belgium,BEL
wildboar_euromammals_13_17,Sus scrofa,3,3,26334,7/3/11,11/13/12,499,15,78,5.10307366,50.45785,Belgium,BEL
wildboar_euromammals_13_18,Sus scrofa,20,20,79759,10/5/05,12/26/12,2639,60,442.9,5.3828764,50.0871214,Belgium,BEL
wildboar_euromammals_13_19,Sus scrofa,4,4,33898,10/13/12,6/4/13,234,15,14.3,4.3989923,50.257049,Belgium,BEL
wildboar_euromammals_18_20,Sus scrofa,13,12,19467,1/14/10,10/6/11,630,120,2853.7,23.805197,52.7766939,Poland,POL
wildboar_euromammals_2_22,Sus scrofa,17,17,194735,8/20/13,11/13/15,815,30,92.9,7.33666663,48.8267315,France,-99
wildboar_euromammals_2_40,Sus scrofa,31,23,148691,6/9/05,11/22/14,3453,15,2349.7,4.96394685,48.0184311,France,-99
wildboar_euromammals_25_21,Sus scrofa,20,20,90771,4/19/10,8/23/15,1952,60,239.5,17.2246684,46.2907206,Hungary,HUN
wildboar_euromammals_25_59,Sus scrofa,4,4,28652,5/28/15,6/28/17,762,60,104.2,17.8568805,46.9203728,Hungary,HUN
wildboar_euromammals_28_74,Sus scrofa,13,13,115754,8/22/18,10/11/23,1876,60,31.8,15.4880835,58.90869,Sweden,SWE
wildboar_euromammals_28_75,Sus scrofa,20,20,147176,1/24/19,8/19/24,2034,60,1395.6,15.4168288,59.6539891,Sweden,SWE
wildboar_euromammals_28_76,Sus scrofa,25,25,194876,9/24/18,4/23/24,2038,60,77.1,12.402713,58.1105986,Sweden,SWE
wildboar_euromammals_28_77,Sus scrofa,6,6,48777,8/30/18,7/11/24,2142,60,315.5,17.6807562,58.9508769,"Sweden, NA","SWE, NA"
wildboar_euromammals_28_78,Sus scrofa,11,11,84868,9/9/19,10/31/23,1513,60,66.9,15.131088,58.0709446,Sweden,SWE
wildboar_euromammals_28_84,Sus scrofa,1,1,9780,10/26/20,11/17/21,387,60,9.7,17.7358259,59.2586807,Sweden,SWE
wildboar_euromammals_29_79,Sus scrofa,60,60,602758,4/6/17,8/2/19,848,29,688.7,10.4614477,51.0644378,Germany,DEU
wildboar_euromammals_3_31,Sus scrofa,10,10,39606,7/10/13,7/16/17,1467,15,29,5.60921789,50.9554393,Belgium,BEL
wildboar_euromammals_3_32,Sus scrofa,9,9,28831,1/10/13,7/25/17,1657,15,76.1,5.34693782,51.0483459,Belgium,BEL
wildboar_euromammals_40_46,Sus scrofa,8,8,42906,3/15/15,8/11/16,515,15,54.9,8.07937627,47.4949203,Switzerland,CHE
wildboar_euromammals_40_47,Sus scrofa,21,21,433198,5/28/14,8/12/17,1172,15,206.3,7.10621413,47.0194662,Switzerland,CHE
wildboar_euromammals_40_48,Sus scrofa,7,7,94687,11/6/14,9/30/16,694,15,575.9,8.21913381,47.5857069,"Switzerland, Germany","CHE, DEU"
wildboar_euromammals_41_60,Sus scrofa,11,11,74604,7/1/13,3/29/15,636,30,47.5,13.397361,52.5335207,Germany,DEU
wildboar_euromammals_42_83,Sus scrofa,42,41,172111,10/21/21,1/31/23,467,30,1395.9,13.4685103,48.9953032,"Czechia, Germany","CZE, DEU"
wildboar_euromammals_50_81,Sus scrofa,17,2,268,5/17/18,3/9/21,1027,30,0.1,4.3451263,43.9252674,France,-99
wildboar_euromammals_6_39,Sus scrofa,10,10,56391,8/9/06,4/18/08,618,5,69.8,5.93109363,46.1328676,"France, Switzerland","-99, CHE"
buffalo_botswana,Syncerus caffer,42,41,121673,9/24/07,7/14/20,4677,300,1536.8,23.0152938,-18.040474,"Namibia, Botswana, Zambia, Angola","NAM, BWA, ZMB, AGO"
cape_buffalo_botswana_emily,Syncerus caffer,15,15,11671,12/9/07,8/7/10,972,300,1047.7,23.5319355,-19.522456,Botswana,BWA
eland_etosha,Taurotragus oryx,9,9,1127333,7/21/20,2/20/23,944,5,381.1,15.2714251,-19.258317,Namibia,NAM
taurotragus_oryx_gorongosa,Taurotragus oryx,10,10,58146,6/14/22,2/20/24,616,30,103.4,34.4237456,-18.929555,Mozambique,MOZ
tragelaphus_angasii_gorongosa,Tragelaphus angasii,38,37,273134,6/25/14,11/1/23,3416,30,143.8,34.3738338,-18.935681,Mozambique,MOZ
tragelaphus_scriptus_gorongosa,Tragelaphus scriptus,102,102,440421,6/21/14,2/19/24,3530,60,474.3,34.3915951,-18.914953,Mozambique,MOZ
kudu_etosha,Tragelaphus strepsiceros,9,9,1386119,7/21/20,10/27/22,828,5,271.2,15.19085,-19.243142,Namibia,NAM
tragelaphus_strepsiceros_gorongosa,Tragelaphus strepsiceros,78,78,950156,6/18/14,2/20/24,3534,30,233.5,34.3652767,-18.918356,Mozambique,MOZ
gray_fox_siuc,Urocyon cinereoargenteus,7,7,7226,1/6/23,10/31/23,298,120,547.1,-88.303082,37.5790906,United States of America,USA
bear_ab_sk_canada,Ursus americanus,49,45,140622,4/29/13,1/10/16,986,15,2704.1,-110.56011,55.5473704,Canada,CAN
ursus_americanus_bnaff,Ursus americanus,21,21,77276,6/29/17,11/11/24,2692,119,4621.8,-115.57726,51.2014226,Canada,CAN
bear_greece,Ursus arctos,21,21,47447,7/13/03,4/27/20,6133,61,1181.1,21.3892102,40.3150007,Greece,GRC
bear_spain,Ursus arctos,3,3,12065,10/26/21,5/22/24,939,21,369,-6.4278934,43.1015023,Spain,ESP
brown_bear_bosnia,Ursus arctos,7,7,53222,5/2/13,12/27/23,3891,60,714.3,16.3294668,44.4553756,"Bosnia and Herz., Croatia","BIH, HRV"
brown_bear_croatia,Ursus arctos,38,37,207849,9/26/03,3/31/25,7857,60,1382.5,15.0022672,45.1522091,"Croatia, Slovenia, Bosnia and Herz., NA","HRV, SVN, BIH, NA"
brown_bear_montenegro,Ursus arctos,3,3,1646,10/5/20,8/6/21,305,60,3658.4,18.9682214,43.120645,Montenegro,MNE
brown_bear_poland,Ursus arctos,45,44,252000,10/20/06,3/31/25,6737,30,7133.8,20.7385528,49.2328755,"Poland, Slovakia, Ukraine, Hungary","POL, SVK, UKR, HUN"
brown_bear_serbia,Ursus arctos,25,25,263703,10/28/15,1/31/25,3383,60,603.7,19.6340362,43.6624422,"Serbia, Bosnia and Herz., Montenegro, Kosovo","SRB, BIH, MNE, -99"
brown_bear_sweden,Ursus arctos,16,16,85456,1/1/24,2/16/25,412,60,855.7,15.0838666,61.5888178,Sweden,SWE
brown_bear_turkiye,Ursus arctos,75,67,395301,9/19/12,8/19/24,4352,60,3420.5,42.5704453,40.2951588,Turkey,TUR
grizzly_bear_bc,Ursus arctos,99,90,155867,9/27/15,11/9/23,2965,120,4503,-114.9369,49.6069703,Canada,CAN
ursus_arctos_bnaff,Ursus arctos,34,26,76010,6/25/09,7/29/17,2956,120,8871.4,-115.91441,51.3111147,Canada,CAN
vulpes_bengalensis_india,Vulpes bengalensis,26,26,81333,6/30/15,3/3/22,2438,15,676.8,74.5566198,18.3053994,India,IND
red_fox_scandinavia,Vulpes vulpes,80,80,74998,11/11/11,5/16/19,2743,240,1718.3,15.9368271,59.3201967,"Sweden, Norway, NA","SWE, -99, NA"
vulpes_vulpes_2011_uckermark,Vulpes vulpes,2,2,4139,5/4/11,10/25/11,174,20,1338.4,13.8126401,53.3788433,Germany,DEU
vulpes_vulpes_agri_germany,Vulpes vulpes,5,4,39505,12/19/16,12/30/18,741,4,181.5,13.3402275,52.995648,Germany,DEU
vulpes_vulpes_urban_germany,Vulpes vulpes,16,16,163216,12/2/15,2/2/19,1158,4,137.5,13.4109592,52.4816166,Germany,DEU