system:index,BIOME_NAME,GIS_AREA,GOV_TYPE,IUCN_CAT,ORIG_NAME,OWN_TYPE,STATUS_YR,WDPA_PID,band_name,boundary_x_count,boundary_x_mean,boundary_x_stdDev,buffer_x_count,buffer_x_mean,buffer_x_stdDev,gHM,year,.geo
0,Temperate Conifer Forests,8905.15167170484,Not Reported,Not Applicable,Parc national de Yellowstone,Not Reported,1978,2013,sur_refl_b01,6383,1.1946924421441012,0.9538320032862831,46262,1.093687551044305,0.9109054376998156,0.018297615896897,2001,"{""type"":""MultiPoint"",""coordinates"":[]}"
1,Temperate Conifer Forests,8905.15167170484,Not Reported,Not Applicable,Parc national de Yellowstone,Not Reported,1978,2013,sur_refl_b02,6383,1.053073512197276,0.8085301567445636,46262,0.9551041191740066,0.7478748506365286,0.018297615896897,2001,"{""type"":""MultiPoint"",""coordinates"":[]}"
2,Temperate Conifer Forests,8905.15167170484,Not Reported,Not Applicable,Parc national de Yellowstone,Not Reported,1978,2013,sur_refl_b03,6383,1.056636278759983,0.8364178905951046,46262,0.9932992291933844,0.8251553165953899,0.018297615896897,2001,"{""type"":""MultiPoint"",""coordinates"":[]}"
3,Temperate Conifer Forests,8905.15167170484,Not Reported,Not Applicable,Parc national de Yellowstone,Not Reported,1978,2013,sur_refl_b04,6383,1.1538522147958108,0.9312179325059484,46262,1.0623601837114915,0.89769644182571,0.018297615896897,2001,"{""type"":""MultiPoint"",""coordinates"":[]}"
4,Temperate Conifer Forests,8905.15167170484,Not Reported,Not Applicable,Parc national de Yellowstone,Not Reported,1978,2013,NDVI,6383,0.00012418621531152716,0.00010289386197074696,46262,0.00013560260294855905,0.00010599366803636608,0.018297615896897,2001,"{""type"":""MultiPoint"",""coordinates"":[]}"
5,Temperate Conifer Forests,8905.15167170484,Not Reported,Not Applicable,Parc national de Yellowstone,Not Reported,1978,2013,BSI,6383,7.308884331531363e-05,5.123865033329507e-05,46262,7.879313261344533e-05,5.413332462512573e-05,0.018297615896897,2001,"{""type"":""MultiPoint"",""coordinates"":[]}"
0,Temperate Conifer Forests,8905.15167170484,Not Reported,Not Applicable,Parc national de Yellowstone,Not Reported,1978,2013,sur_refl_b01,6383,1.2210289897922022,0.8696558404523406,46262,1.1816668431995772,0.8654445499249628,0.018297615896897,2002,"{""type"":""MultiPoint"",""coordinates"":[]}"
1,Temperate Conifer Forests,8905.15167170484,Not Reported,Not Applicable,Parc national de Yellowstone,Not Reported,1978,2013,sur_refl_b02,6383,1.0853422100439756,0.7605725985596831,46262,1.0258187217431218,0.7403104702932418,0.018297615896897,2002,"{""type"":""MultiPoint"",""coordinates"":[]}"
2,Temperate Conifer Forests,8905.15167170484,Not Reported,Not Applicable,Parc national de Yellowstone,Not Reported,1978,2013,sur_refl_b03,6383,1.119250291443936,0.796760417109868,46262,1.075202878800979,0.7786752252557461,0.018297615896897,2002,"{""type"":""MultiPoint"",""coordinates"":[]}"
3,Temperate Conifer Forests,8905.15167170484,Not Reported,Not Applicable,Parc national de Yellowstone,Not Reported,1978,2013,sur_refl_b04,6383,1.1920947924177212,0.8559119876179679,46262,1.1482875801675314,0.8442315276765014,0.018297615896897,2002,"{""type"":""MultiPoint"",""coordinates"":[]}"
4,Temperate Conifer Forests,8905.15167170484,Not Reported,Not Applicable,Parc national de Yellowstone,Not Reported,1978,2013,NDVI,6383,0.0001043849153309111,8.827654227999514e-05,46262,0.0001168750293064396,9.233791797983354e-05,0.018297615896897,2002,"{""type"":""MultiPoint"",""coordinates"":[]}"
5,Temperate Conifer Forests,8905.15167170484,Not Reported,Not Applicable,Parc national de Yellowstone,Not Reported,1978,2013,BSI,6383,5.9881845095559685e-05,4.489366186045892e-05,46262,6.514502620219803e-05,4.762485353078847e-05,0.018297615896897,2002,"{""type"":""MultiPoint"",""coordinates"":[]}"
0,Temperate Conifer Forests,8905.15167170484,Not Reported,Not Applicable,Parc national de Yellowstone,Not Reported,1978,2013,sur_refl_b01,6383,1.235178372217828,0.8523691949172829,46262,1.195452308611368,0.8606629725018747,0.018297615896897,2003,"{""type"":""MultiPoint"",""coordinates"":[]}"
1,Temperate Conifer Forests,8905.15167170484,Not Reported,Not Applicable,Parc national de Yellowstone,Not Reported,1978,2013,sur_refl_b02,6383,1.0620685760222617,0.7225518073894097,46262,1.0101727640392644,0.7200959121305082,0.018297615896897,2003,"{""type"":""MultiPoint"",""coordinates"":[]}"
2,Temperate Conifer Forests,8905.15167170484,Not Reported,Not Applicable,Parc national de Yellowstone,Not Reported,1978,2013,sur_refl_b03,6383,1.126043118854554,0.76531321392436,46262,1.096555588725738,0.7743118733311546,0.018297615896897,2003,"{""type"":""MultiPoint"",""coordinates"":[]}"
3,Temperate Conifer Forests,8905.15167170484,Not Reported,Not Applicable,Parc national de Yellowstone,Not Reported,1978,2013,sur_refl_b04,6383,1.2119557621161852,0.8349050630808226,46262,1.1713759892775613,0.8431326462418606,0.018297615896897,2003,"{""type"":""MultiPoint"",""coordinates"":[]}"
4,Temperate Conifer Forests,8905.15167170484,Not Reported,Not Applicable,Parc national de Yellowstone,Not Reported,1978,2013,NDVI,6383,0.00010514364950078396,9.234137521088744e-05,46262,0.00011518799815449023,9.469286916015193e-05,0.018297615896897,2003,"{""type"":""MultiPoint"",""coordinates"":[]}"
5,Temperate Conifer Forests,8905.15167170484,Not Reported,Not Applicable,Parc national de Yellowstone,Not Reported,1978,2013,BSI,6383,5.8520020523461744e-05,4.396688640186818e-05,46262,6.309872469190609e-05,4.6925657297240334e-05,0.018297615896897,2003,"{""type"":""MultiPoint"",""coordinates"":[]}"
0,Temperate Conifer Forests,8905.15167170484,Not Reported,Not Applicable,Parc national de Yellowstone,Not Reported,1978,2013,sur_refl_b01,6383,1.092364501215316,0.7874654822659144,46262,1.028620482282864,0.7631647697051227,0.018297615896897,2004,"{""type"":""MultiPoint"",""coordinates"":[]}"
1,Temperate Conifer Forests,8905.15167170484,Not Reported,Not Applicable,Parc national de Yellowstone,Not Reported,1978,2013,sur_refl_b02,6383,0.9532476933034512,0.6666700773478335,46262,0.874006334145306,0.6305766563093917,0.018297615896897,2004,"{""type"":""MultiPoint"",""coordinates"":[]}"
2,Temperate Conifer Forests,8905.15167170484,Not Reported,Not Applicable,Parc national de Yellowstone,Not Reported,1978,2013,sur_refl_b03,6383,0.999604606886683,0.7168882671110102,46262,0.9538728195476248,0.6982699267439229,0.018297615896897,2004,"{""type"":""MultiPoint"",""coordinates"":[]}"
3,Temperate Conifer Forests,8905.15167170484,Not Reported,Not Applicable,Parc national de Yellowstone,Not Reported,1978,2013,sur_refl_b04,6383,1.0662614961528796,0.7736018604405211,46262,1.004787823700404,0.750645348663406,0.018297615896897,2004,"{""type"":""MultiPoint"",""coordinates"":[]}"
4,Temperate Conifer Forests,8905.15167170484,Not Reported,Not Applicable,Parc national de Yellowstone,Not Reported,1978,2013,NDVI,6383,9.737439972759166e-05,8.18449341276913e-05,46262,0.00011041214621357284,8.684632298754039e-05,0.018297615896897,2004,"{""type"":""MultiPoint"",""coordinates"":[]}"
5,Temperate Conifer Forests,8905.15167170484,Not Reported,Not Applicable,Parc national de Yellowstone,Not Reported,1978,2013,BSI,6383,5.61187585160445e-05,4.1459458364416224e-05,46262,6.179781231967664e-05,4.5466474553762085e-05,0.018297615896897,2004,"{""type"":""MultiPoint"",""coordinates"":[]}"
0,Temperate Conifer Forests,8905.15167170484,Not Reported,Not Applicable,Parc national de Yellowstone,Not Reported,1978,2013,sur_refl_b01,6383,1.2220215082735997,0.8704823902089133,46262,1.1917079432371065,0.8612527366933367,0.018297615896897,2005,"{""type"":""MultiPoint"",""coordinates"":[]}"
1,Temperate Conifer Forests,8905.15167170484,Not Reported,Not Applicable,Parc national de Yellowstone,Not Reported,1978,2013,sur_refl_b02,6383,1.0528629864469752,0.7236425104219213,46262,1.0003910579097108,0.7057491537699895,0.018297615896897,2005,"{""type"":""MultiPoint"",""coordinates"":[]}"
2,Temperate Conifer Forests,8905.15167170484,Not Reported,Not Applicable,Parc national de Yellowstone,Not Reported,1978,2013,sur_refl_b03,6383,1.1076256381785416,0.787751579422665,46262,1.093321912558807,0.7765411783125314,0.018297615896897,2005,"{""type"":""MultiPoint"",""coordinates"":[]}"
3,Temperate Conifer Forests,8905.15167170484,Not Reported,Not Applicable,Parc national de Yellowstone,Not Reported,1978,2013,sur_refl_b04,6383,1.1932529151947704,0.8509222617151431,46262,1.1638830740300947,0.8413157686333472,0.018297615896897,2005,"{""type"":""MultiPoint"",""coordinates"":[]}"
4,Temperate Conifer Forests,8905.15167170484,Not Reported,Not Applicable,Parc national de Yellowstone,Not Reported,1978,2013,NDVI,6383,0.0001063320386725562,9.138128067883017e-05,46262,0.00012163627707379664,9.812075494175707e-05,0.018297615896897,2005,"{""type"":""MultiPoint"",""coordinates"":[]}"
5,Temperate Conifer Forests,8905.15167170484,Not Reported,Not Applicable,Parc national de Yellowstone,Not Reported,1978,2013,BSI,6383,5.958445079200429e-05,4.6091321954810505e-05,46262,6.570944496833959e-05,4.82461539891644e-05,0.018297615896897,2005,"{""type"":""MultiPoint"",""coordinates"":[]}"
0,Temperate Conifer Forests,8905.15167170484,Not Reported,Not Applicable,Parc national de Yellowstone,Not Reported,1978,2013,sur_refl_b01,6383,1.2594559564270786,0.9392251744839052,46262,1.194454972850113,0.9245197978941854,0.018297615896897,2006,"{""type"":""MultiPoint"",""coordinates"":[]}"
1,Temperate Conifer Forests,8905.15167170484,Not Reported,Not Applicable,Parc national de Yellowstone,Not Reported,1978,2013,sur_refl_b02,6383,1.1003950205764552,0.7854939984076215,46262,1.018521948543741,0.7525100429171029,0.018297615896897,2006,"{""type"":""MultiPoint"",""coordinates"":[]}"
2,Temperate Conifer Forests,8905.15167170484,Not Reported,Not Applicable,Parc national de Yellowstone,Not Reported,1978,2013,sur_refl_b03,6383,1.1289027289967415,0.833743243873935,46262,1.0924286717318676,0.8394290225899004,0.018297615896897,2006,"{""type"":""MultiPoint"",""coordinates"":[]}"
3,Temperate Conifer Forests,8905.15167170484,Not Reported,Not Applicable,Parc national de Yellowstone,Not Reported,1978,2013,sur_refl_b04,6383,1.2259286611118234,0.921781107772858,46262,1.1642305059563414,0.9107671310313632,0.018297615896897,2006,"{""type"":""MultiPoint"",""coordinates"":[]}"
4,Temperate Conifer Forests,8905.15167170484,Not Reported,Not Applicable,Parc national de Yellowstone,Not Reported,1978,2013,NDVI,6383,0.00011036471738736642,9.237460201508632e-05,46262,0.00012429888335065774,9.910748411438432e-05,0.018297615896897,2006,"{""type"":""MultiPoint"",""coordinates"":[]}"
5,Temperate Conifer Forests,8905.15167170484,Not Reported,Not Applicable,Parc national de Yellowstone,Not Reported,1978,2013,BSI,6383,6.263820794113768e-05,4.601548854042026e-05,46262,6.869314401061443e-05,4.8915835113002624e-05,0.018297615896897,2006,"{""type"":""MultiPoint"",""coordinates"":[]}"
0,Temperate Conifer Forests,8905.15167170484,Not Reported,Not Applicable,Parc national de Yellowstone,Not Reported,1978,2013,sur_refl_b01,6383,1.0341353425176314,0.8080233160443832,46262,0.9589311880187744,0.7821698636388382,0.018297615896897,2007,"{""type"":""MultiPoint"",""coordinates"":[]}"
1,Temperate Conifer Forests,8905.15167170484,Not Reported,Not Applicable,Parc national de Yellowstone,Not Reported,1978,2013,sur_refl_b02,6383,0.9135538269672072,0.6783708144942381,46262,0.8289355308757494,0.6360699516101876,0.018297615896897,2007,"{""type"":""MultiPoint"",""coordinates"":[]}"
2,Temperate Conifer Forests,8905.15167170484,Not Reported,Not Applicable,Parc national de Yellowstone,Not Reported,1978,2013,sur_refl_b03,6383,0.93613328538035,0.7185933794363538,46262,0.8856639272715336,0.7133278780407116,0.018297615896897,2007,"{""type"":""MultiPoint"",""coordinates"":[]}"
3,Temperate Conifer Forests,8905.15167170484,Not Reported,Not Applicable,Parc national de Yellowstone,Not Reported,1978,2013,sur_refl_b04,6383,1.0031998404731477,0.7891014296440954,46262,0.9324084316876596,0.7702592571024113,0.018297615896897,2007,"{""type"":""MultiPoint"",""coordinates"":[]}"
4,Temperate Conifer Forests,8905.15167170484,Not Reported,Not Applicable,Parc national de Yellowstone,Not Reported,1978,2013,NDVI,6383,0.00010596513402751728,8.701104251072005e-05,46262,0.00011752855971071573,8.938655907316587e-05,0.018297615896897,2007,"{""type"":""MultiPoint"",""coordinates"":[]}"
5,Temperate Conifer Forests,8905.15167170484,Not Reported,Not Applicable,Parc national de Yellowstone,Not Reported,1978,2013,BSI,6383,6.444134715059889e-05,4.650036995013566e-05,46262,6.985783451558767e-05,4.810385415842205e-05,0.018297615896897,2007,"{""type"":""MultiPoint"",""coordinates"":[]}"
0,Temperate Conifer Forests,8905.15167170484,Not Reported,Not Applicable,Parc national de Yellowstone,Not Reported,1978,2013,sur_refl_b01,6383,1.1760320613425743,0.8205101953882773,46262,1.2011878653103538,0.8340016518534606,0.018297615896897,2008,"{""type"":""MultiPoint"",""coordinates"":[]}"
1,Temperate Conifer Forests,8905.15167170484,Not Reported,Not Applicable,Parc national de Yellowstone,Not Reported,1978,2013,sur_refl_b02,6383,1.0466973094051752,0.722146006045954,46262,1.0397263517181454,0.7228057812286104,0.018297615896897,2008,"{""type"":""MultiPoint"",""coordinates"":[]}"
2,Temperate Conifer Forests,8905.15167170484,Not Reported,Not Applicable,Parc national de Yellowstone,Not Reported,1978,2013,sur_refl_b03,6383,1.0400740211623627,0.7244060748445585,46262,1.074357454773352,0.738491621141312,0.018297615896897,2008,"{""type"":""MultiPoint"",""coordinates"":[]}"
3,Temperate Conifer Forests,8905.15167170484,Not Reported,Not Applicable,Parc national de Yellowstone,Not Reported,1978,2013,sur_refl_b04,6383,1.1325672250716867,0.7987741809911871,46262,1.1622563247883808,0.8105153404549547,0.018297615896897,2008,"{""type"":""MultiPoint"",""coordinates"":[]}"
4,Temperate Conifer Forests,8905.15167170484,Not Reported,Not Applicable,Parc national de Yellowstone,Not Reported,1978,2013,NDVI,6383,8.556813184245943e-05,7.471744121869065e-05,46262,0.00010041026304719672,8.122833265849402e-05,0.018297615896897,2008,"{""type"":""MultiPoint"",""coordinates"":[]}"
5,Temperate Conifer Forests,8905.15167170484,Not Reported,Not Applicable,Parc national de Yellowstone,Not Reported,1978,2013,BSI,6383,5.1634196379261086e-05,4.025260923294657e-05,46262,5.687355928289318e-05,4.2585306202189966e-05,0.018297615896897,2008,"{""type"":""MultiPoint"",""coordinates"":[]}"
0,Temperate Conifer Forests,8905.15167170484,Not Reported,Not Applicable,Parc national de Yellowstone,Not Reported,1978,2013,sur_refl_b01,6383,1.2800047837373305,0.9335346544465142,46262,1.277170177473593,0.9320652567646796,0.018297615896897,2009,"{""type"":""MultiPoint"",""coordinates"":[]}"
1,Temperate Conifer Forests,8905.15167170484,Not Reported,Not Applicable,Parc national de Yellowstone,Not Reported,1978,2013,sur_refl_b02,6383,1.159217510235199,0.8295771861263932,46262,1.1356145722093056,0.8242911545395493,0.018297615896897,2009,"{""type"":""MultiPoint"",""coordinates"":[]}"
2,Temperate Conifer Forests,8905.15167170484,Not Reported,Not Applicable,Parc national de Yellowstone,Not Reported,1978,2013,sur_refl_b03,6383,1.134379310105646,0.8049290334454308,46262,1.1402399863228254,0.806952271850453,0.018297615896897,2009,"{""type"":""MultiPoint"",""coordinates"":[]}"
3,Temperate Conifer Forests,8905.15167170484,Not Reported,Not Applicable,Parc national de Yellowstone,Not Reported,1978,2013,sur_refl_b04,6383,1.234751460892608,0.8956053721681662,46262,1.2328326322931291,0.8957564553948518,0.018297615896897,2009,"{""type"":""MultiPoint"",""coordinates"":[]}"
4,Temperate Conifer Forests,8905.15167170484,Not Reported,Not Applicable,Parc national de Yellowstone,Not Reported,1978,2013,NDVI,6383,8.991215759675837e-05,7.46354075216042e-05,46262,0.00010491735391061202,8.197527411775847e-05,0.018297615896897,2009,"{""type"":""MultiPoint"",""coordinates"":[]}"
5,Temperate Conifer Forests,8905.15167170484,Not Reported,Not Applicable,Parc national de Yellowstone,Not Reported,1978,2013,BSI,6383,5.1349173276406745e-05,3.8315242232623406e-05,46262,5.696060684582507e-05,4.1094314982436736e-05,0.018297615896897,2009,"{""type"":""MultiPoint"",""coordinates"":[]}"
0,Temperate Conifer Forests,8905.15167170484,Not Reported,Not Applicable,Parc national de Yellowstone,Not Reported,1978,2013,sur_refl_b01,6383,1.1228433559169544,0.8166263117593782,46262,1.1038025604996058,0.8132362187109576,0.018297615896897,2010,"{""type"":""MultiPoint"",""coordinates"":[]}"
1,Temperate Conifer Forests,8905.15167170484,Not Reported,Not Applicable,Parc national de Yellowstone,Not Reported,1978,2013,sur_refl_b02,6383,0.9922686451509216,0.7055746674748516,46262,0.9591772139660152,0.6919624785590022,0.018297615896897,2010,"{""type"":""MultiPoint"",""coordinates"":[]}"
2,Temperate Conifer Forests,8905.15167170484,Not Reported,Not Applicable,Parc national de Yellowstone,Not Reported,1978,2013,sur_refl_b03,6383,1.006877293195094,0.7202880255433063,46262,1.0040721054770283,0.7299463216012924,0.018297615896897,2010,"{""type"":""MultiPoint"",""coordinates"":[]}"
3,Temperate Conifer Forests,8905.15167170484,Not Reported,Not Applicable,Parc national de Yellowstone,Not Reported,1978,2013,sur_refl_b04,6383,1.0914350122629652,0.791852881411572,46262,1.0740927000073026,0.792730040810052,0.018297615896897,2010,"{""type"":""MultiPoint"",""coordinates"":[]}"
4,Temperate Conifer Forests,8905.15167170484,Not Reported,Not Applicable,Parc national de Yellowstone,Not Reported,1978,2013,NDVI,6383,8.294457729346334e-05,7.227772893728781e-05,46262,9.49136556066012e-05,7.725225270346835e-05,0.018297615896897,2010,"{""type"":""MultiPoint"",""coordinates"":[]}"
5,Temperate Conifer Forests,8905.15167170484,Not Reported,Not Applicable,Parc national de Yellowstone,Not Reported,1978,2013,BSI,6383,4.8620567910416094e-05,3.673141315324e-05,46262,5.437820754686561e-05,4.031323959779034e-05,0.018297615896897,2010,"{""type"":""MultiPoint"",""coordinates"":[]}"
0,Temperate Conifer Forests,8905.15167170484,Not Reported,Not Applicable,Parc national de Yellowstone,Not Reported,1978,2013,sur_refl_b01,6383,1.377622508312783,0.9458257125826844,46262,1.3995390700348749,0.9674343513684764,0.018297615896897,2011,"{""type"":""MultiPoint"",""coordinates"":[]}"
1,Temperate Conifer Forests,8905.15167170484,Not Reported,Not Applicable,Parc national de Yellowstone,Not Reported,1978,2013,sur_refl_b02,6383,1.213997766311644,0.8128775896094613,46262,1.2121298308345634,0.8368584178976086,0.018297615896897,2011,"{""type"":""MultiPoint"",""coordinates"":[]}"
2,Temperate Conifer Forests,8905.15167170484,Not Reported,Not Applicable,Parc national de Yellowstone,Not Reported,1978,2013,sur_refl_b03,6383,1.208816278867158,0.8360494896079097,46262,1.242958380562869,0.8533304014428497,0.018297615896897,2011,"{""type"":""MultiPoint"",""coordinates"":[]}"
3,Temperate Conifer Forests,8905.15167170484,Not Reported,Not Applicable,Parc national de Yellowstone,Not Reported,1978,2013,sur_refl_b04,6383,1.333315984765134,0.921786365492685,46262,1.3594213783952953,0.940434140177007,0.018297615896897,2011,"{""type"":""MultiPoint"",""coordinates"":[]}"
4,Temperate Conifer Forests,8905.15167170484,Not Reported,Not Applicable,Parc national de Yellowstone,Not Reported,1978,2013,NDVI,6383,8.95708345501368e-05,7.882303809179603e-05,46262,0.00010427660496536062,8.528579192806762e-05,0.018297615896897,2011,"{""type"":""MultiPoint"",""coordinates"":[]}"
5,Temperate Conifer Forests,8905.15167170484,Not Reported,Not Applicable,Parc national de Yellowstone,Not Reported,1978,2013,BSI,6383,5.101298185969598e-05,3.8358285673324326e-05,46262,5.6081969941498735e-05,4.131348425158808e-05,0.018297615896897,2011,"{""type"":""MultiPoint"",""coordinates"":[]}"
0,Temperate Conifer Forests,8905.15167170484,Not Reported,Not Applicable,Parc national de Yellowstone,Not Reported,1978,2013,sur_refl_b01,6383,1.0944699220405518,0.8282455169334275,46262,1.0320648494825049,0.8137828375025898,0.018297615896897,2012,"{""type"":""MultiPoint"",""coordinates"":[]}"
1,Temperate Conifer Forests,8905.15167170484,Not Reported,Not Applicable,Parc national de Yellowstone,Not Reported,1978,2013,sur_refl_b02,6383,0.9499264754090728,0.6952111496285578,46262,0.885135749697776,0.6639157193108871,0.018297615896897,2012,"{""type"":""MultiPoint"",""coordinates"":[]}"
2,Temperate Conifer Forests,8905.15167170484,Not Reported,Not Applicable,Parc national de Yellowstone,Not Reported,1978,2013,sur_refl_b03,6383,0.9783090598462112,0.7409540556019911,46262,0.9427618952468124,0.7402935928504867,0.018297615896897,2012,"{""type"":""MultiPoint"",""coordinates"":[]}"
3,Temperate Conifer Forests,8905.15167170484,Not Reported,Not Applicable,Parc national de Yellowstone,Not Reported,1978,2013,sur_refl_b04,6383,1.0575999455990288,0.8075842264353666,46262,1.0002563170563534,0.7988141138322802,0.018297615896897,2012,"{""type"":""MultiPoint"",""coordinates"":[]}"
4,Temperate Conifer Forests,8905.15167170484,Not Reported,Not Applicable,Parc national de Yellowstone,Not Reported,1978,2013,NDVI,6383,0.00010291030281209772,9.014380019542912e-05,46262,0.00011490778350988248,9.162334552164224e-05,0.018297615896897,2012,"{""type"":""MultiPoint"",""coordinates"":[]}"
5,Temperate Conifer Forests,8905.15167170484,Not Reported,Not Applicable,Parc national de Yellowstone,Not Reported,1978,2013,BSI,6383,6.226347329153748e-05,4.4996053162022494e-05,46262,6.949331237745572e-05,4.837356481073238e-05,0.018297615896897,2012,"{""type"":""MultiPoint"",""coordinates"":[]}"
0,Temperate Conifer Forests,8905.15167170484,Not Reported,Not Applicable,Parc national de Yellowstone,Not Reported,1978,2013,sur_refl_b01,6383,1.1622610049858282,0.8752552573907543,46262,1.1641703898231692,0.8912029212664992,0.018297615896897,2013,"{""type"":""MultiPoint"",""coordinates"":[]}"
1,Temperate Conifer Forests,8905.15167170484,Not Reported,Not Applicable,Parc national de Yellowstone,Not Reported,1978,2013,sur_refl_b02,6383,1.0422414952751042,0.7579315427803337,46262,1.0152864270556885,0.7615096205678384,0.018297615896897,2013,"{""type"":""MultiPoint"",""coordinates"":[]}"
2,Temperate Conifer Forests,8905.15167170484,Not Reported,Not Applicable,Parc national de Yellowstone,Not Reported,1978,2013,sur_refl_b03,6383,1.065656956170923,0.7867492158356127,46262,1.0669216649198845,0.796679108639376,0.018297615896897,2013,"{""type"":""MultiPoint"",""coordinates"":[]}"
3,Temperate Conifer Forests,8905.15167170484,Not Reported,Not Applicable,Parc national de Yellowstone,Not Reported,1978,2013,sur_refl_b04,6383,1.1262257646821232,0.8490279683156213,46262,1.1261408555450898,0.8644675571481839,0.018297615896897,2013,"{""type"":""MultiPoint"",""coordinates"":[]}"
4,Temperate Conifer Forests,8905.15167170484,Not Reported,Not Applicable,Parc national de Yellowstone,Not Reported,1978,2013,NDVI,6383,0.00010156528881433418,8.492249134491931e-05,46262,0.00011789059641329477,9.057710864992644e-05,0.018297615896897,2013,"{""type"":""MultiPoint"",""coordinates"":[]}"
5,Temperate Conifer Forests,8905.15167170484,Not Reported,Not Applicable,Parc national de Yellowstone,Not Reported,1978,2013,BSI,6383,5.89203113640955e-05,4.312049408332432e-05,46262,6.572653764936104e-05,4.708200177334377e-05,0.018297615896897,2013,"{""type"":""MultiPoint"",""coordinates"":[]}"
0,Temperate Conifer Forests,8905.15167170484,Not Reported,Not Applicable,Parc national de Yellowstone,Not Reported,1978,2013,sur_refl_b01,6383,1.1956221146010024,0.8973259035612362,46262,1.1843995064581994,0.9095290382526336,0.018297615896897,2014,"{""type"":""MultiPoint"",""coordinates"":[]}"
1,Temperate Conifer Forests,8905.15167170484,Not Reported,Not Applicable,Parc national de Yellowstone,Not Reported,1978,2013,sur_refl_b02,6383,1.0426529661709507,0.7616789804950559,46262,1.0023448802593522,0.7500521346960112,0.018297615896897,2014,"{""type"":""MultiPoint"",""coordinates"":[]}"
2,Temperate Conifer Forests,8905.15167170484,Not Reported,Not Applicable,Parc national de Yellowstone,Not Reported,1978,2013,sur_refl_b03,6383,1.0816515402490852,0.8039387898712287,46262,1.086641717301633,0.8217387356048287,0.018297615896897,2014,"{""type"":""MultiPoint"",""coordinates"":[]}"
3,Temperate Conifer Forests,8905.15167170484,Not Reported,Not Applicable,Parc national de Yellowstone,Not Reported,1978,2013,sur_refl_b04,6383,1.1557672153372889,0.8688009357431613,46262,1.1472532321784,0.8847363335900154,0.018297615896897,2014,"{""type"":""MultiPoint"",""coordinates"":[]}"
4,Temperate Conifer Forests,8905.15167170484,Not Reported,Not Applicable,Parc national de Yellowstone,Not Reported,1978,2013,NDVI,6383,0.00010516811729647607,9.187935298732648e-05,46262,0.00012258665172982738,9.80273068408831e-05,0.018297615896897,2014,"{""type"":""MultiPoint"",""coordinates"":[]}"
5,Temperate Conifer Forests,8905.15167170484,Not Reported,Not Applicable,Parc national de Yellowstone,Not Reported,1978,2013,BSI,6383,6.094083943276221e-05,4.500838267510076e-05,46262,6.795027247306262e-05,4.850747504778434e-05,0.018297615896897,2014,"{""type"":""MultiPoint"",""coordinates"":[]}"
0,Temperate Conifer Forests,8905.15167170484,Not Reported,Not Applicable,Parc national de Yellowstone,Not Reported,1978,2013,sur_refl_b01,6383,1.0011546055382747,0.7851546377306747,46262,0.923131908097044,0.7475189763179962,0.018297615896897,2015,"{""type"":""MultiPoint"",""coordinates"":[]}"
1,Temperate Conifer Forests,8905.15167170484,Not Reported,Not Applicable,Parc national de Yellowstone,Not Reported,1978,2013,sur_refl_b02,6383,0.8943911514254672,0.651698929008062,46262,0.8120939312987291,0.6045040940846751,0.018297615896897,2015,"{""type"":""MultiPoint"",""coordinates"":[]}"
2,Temperate Conifer Forests,8905.15167170484,Not Reported,Not Applicable,Parc national de Yellowstone,Not Reported,1978,2013,sur_refl_b03,6383,0.8915021866745335,0.6896637476900934,46262,0.8412503172780456,0.6645713798101961,0.018297615896897,2015,"{""type"":""MultiPoint"",""coordinates"":[]}"
3,Temperate Conifer Forests,8905.15167170484,Not Reported,Not Applicable,Parc national de Yellowstone,Not Reported,1978,2013,sur_refl_b04,6383,0.9539496698823822,0.7519750366822658,46262,0.8836132761282437,0.720857667160281,0.018297615896897,2015,"{""type"":""MultiPoint"",""coordinates"":[]}"
4,Temperate Conifer Forests,8905.15167170484,Not Reported,Not Applicable,Parc national de Yellowstone,Not Reported,1978,2013,NDVI,6383,0.00011145330176404862,8.79873405081463e-05,46262,0.00012304083744333255,9.01390648811228e-05,0.018297615896897,2015,"{""type"":""MultiPoint"",""coordinates"":[]}"
5,Temperate Conifer Forests,8905.15167170484,Not Reported,Not Applicable,Parc national de Yellowstone,Not Reported,1978,2013,BSI,6383,6.764138916059613e-05,4.594177621007067e-05,46262,7.512845509897974e-05,4.997961576717684e-05,0.018297615896897,2015,"{""type"":""MultiPoint"",""coordinates"":[]}"
0,Temperate Conifer Forests,8905.15167170484,Not Reported,Not Applicable,Parc national de Yellowstone,Not Reported,1978,2013,sur_refl_b01,6383,1.084015589981828,0.9165025026962744,46262,0.9858976386959838,0.8489410967156262,0.018297615896897,2016,"{""type"":""MultiPoint"",""coordinates"":[]}"
1,Temperate Conifer Forests,8905.15167170484,Not Reported,Not Applicable,Parc national de Yellowstone,Not Reported,1978,2013,sur_refl_b02,6383,0.9353627866292634,0.7495675155806997,46262,0.8400131112159738,0.679868487239931,0.018297615896897,2016,"{""type"":""MultiPoint"",""coordinates"":[]}"
2,Temperate Conifer Forests,8905.15167170484,Not Reported,Not Applicable,Parc national de Yellowstone,Not Reported,1978,2013,sur_refl_b03,6383,1.0148621696962083,0.8484712113835149,46262,0.9578362115740632,0.8120190574615894,0.018297615896897,2016,"{""type"":""MultiPoint"",""coordinates"":[]}"
3,Temperate Conifer Forests,8905.15167170484,Not Reported,Not Applicable,Parc national de Yellowstone,Not Reported,1978,2013,sur_refl_b04,6383,1.0574114061060014,0.9040188520818656,46262,0.969215737802595,0.8458782485397075,0.018297615896897,2016,"{""type"":""MultiPoint"",""coordinates"":[]}"
4,Temperate Conifer Forests,8905.15167170484,Not Reported,Not Applicable,Parc national de Yellowstone,Not Reported,1978,2013,NDVI,6383,0.00012119948968220311,9.73465901723566e-05,46262,0.00013725839609266533,0.00010236205906587857,0.018297615896897,2016,"{""type"":""MultiPoint"",""coordinates"":[]}"
5,Temperate Conifer Forests,8905.15167170484,Not Reported,Not Applicable,Parc national de Yellowstone,Not Reported,1978,2013,BSI,6383,7.385675767309819e-05,5.0011353272297896e-05,46262,8.211354312879261e-05,5.281449488204915e-05,0.018297615896897,2016,"{""type"":""MultiPoint"",""coordinates"":[]}"
0,Temperate Conifer Forests,8905.15167170484,Not Reported,Not Applicable,Parc national de Yellowstone,Not Reported,1978,2013,sur_refl_b01,6383,1.2234481181823278,0.9529781822050116,46262,1.2031381353635693,0.9534295994390956,0.018297615896897,2017,"{""type"":""MultiPoint"",""coordinates"":[]}"
1,Temperate Conifer Forests,8905.15167170484,Not Reported,Not Applicable,Parc national de Yellowstone,Not Reported,1978,2013,sur_refl_b02,6383,1.0704656210223074,0.7945181423492587,46262,1.037029754314417,0.7785198681105638,0.018297615896897,2017,"{""type"":""MultiPoint"",""coordinates"":[]}"
2,Temperate Conifer Forests,8905.15167170484,Not Reported,Not Applicable,Parc national de Yellowstone,Not Reported,1978,2013,sur_refl_b03,6383,1.1171525089112817,0.8706726806790259,46262,1.1178509034895974,0.8747177752427792,0.018297615896897,2017,"{""type"":""MultiPoint"",""coordinates"":[]}"
3,Temperate Conifer Forests,8905.15167170484,Not Reported,Not Applicable,Parc national de Yellowstone,Not Reported,1978,2013,sur_refl_b04,6383,1.1906880205849748,0.9364579052729508,46262,1.1756195076797569,0.9370656404455128,0.018297615896897,2017,"{""type"":""MultiPoint"",""coordinates"":[]}"
4,Temperate Conifer Forests,8905.15167170484,Not Reported,Not Applicable,Parc national de Yellowstone,Not Reported,1978,2013,NDVI,6383,0.00010021077448844124,8.719873336479943e-05,46262,0.00011521755429132006,9.079548298082386e-05,0.018297615896897,2017,"{""type"":""MultiPoint"",""coordinates"":[]}"
5,Temperate Conifer Forests,8905.15167170484,Not Reported,Not Applicable,Parc national de Yellowstone,Not Reported,1978,2013,BSI,6383,5.8723229991626025e-05,4.428196652828794e-05,46262,6.541543290898273e-05,4.793717565130956e-05,0.018297615896897,2017,"{""type"":""MultiPoint"",""coordinates"":[]}"
0,Temperate Conifer Forests,8905.15167170484,Not Reported,Not Applicable,Parc national de Yellowstone,Not Reported,1978,2013,sur_refl_b01,6383,1.1787718796658138,0.8402979586702687,46262,1.1919375946651385,0.8548925210401518,0.018297615896897,2018,"{""type"":""MultiPoint"",""coordinates"":[]}"
1,Temperate Conifer Forests,8905.15167170484,Not Reported,Not Applicable,Parc national de Yellowstone,Not Reported,1978,2013,sur_refl_b02,6383,1.0209569903599864,0.7147752974434725,46262,1.0255868348781827,0.7144964134015387,0.018297615896897,2018,"{""type"":""MultiPoint"",""coordinates"":[]}"
2,Temperate Conifer Forests,8905.15167170484,Not Reported,Not Applicable,Parc national de Yellowstone,Not Reported,1978,2013,sur_refl_b03,6383,1.0725476938664924,0.7537023172951534,46262,1.103836308217257,0.7753662251304335,0.018297615896897,2018,"{""type"":""MultiPoint"",""coordinates"":[]}"
3,Temperate Conifer Forests,8905.15167170484,Not Reported,Not Applicable,Parc national de Yellowstone,Not Reported,1978,2013,sur_refl_b04,6383,1.1502723285763246,0.8175320087787578,46262,1.1647823729881688,0.8337578649048624,0.018297615896897,2018,"{""type"":""MultiPoint"",""coordinates"":[]}"
4,Temperate Conifer Forests,8905.15167170484,Not Reported,Not Applicable,Parc national de Yellowstone,Not Reported,1978,2013,NDVI,6383,0.00010055045518183027,8.316852655005845e-05,46262,0.0001159551570091454,8.870715252314364e-05,0.018297615896897,2018,"{""type"":""MultiPoint"",""coordinates"":[]}"
5,Temperate Conifer Forests,8905.15167170484,Not Reported,Not Applicable,Parc national de Yellowstone,Not Reported,1978,2013,BSI,6383,5.6815355927156736e-05,4.115392688024832e-05,46262,6.301988874536948e-05,4.381111859957007e-05,0.018297615896897,2018,"{""type"":""MultiPoint"",""coordinates"":[]}"
0,Temperate Conifer Forests,8905.15167170484,Not Reported,Not Applicable,Parc national de Yellowstone,Not Reported,1978,2013,sur_refl_b01,6383,1.20163408033037,0.8934223346236868,46262,1.2143821242605677,0.9102532118704416,0.018297615896897,2019,"{""type"":""MultiPoint"",""coordinates"":[]}"
1,Temperate Conifer Forests,8905.15167170484,Not Reported,Not Applicable,Parc national de Yellowstone,Not Reported,1978,2013,sur_refl_b02,6383,1.0586697017793838,0.7714801608712184,46262,1.0539701513349538,0.7712658227029119,0.018297615896897,2019,"{""type"":""MultiPoint"",""coordinates"":[]}"
2,Temperate Conifer Forests,8905.15167170484,Not Reported,Not Applicable,Parc national de Yellowstone,Not Reported,1978,2013,sur_refl_b03,6383,1.103483756172006,0.8169970699968816,46262,1.1352124796251175,0.8376387168932216,0.018297615896897,2019,"{""type"":""MultiPoint"",""coordinates"":[]}"
3,Temperate Conifer Forests,8905.15167170484,Not Reported,Not Applicable,Parc national de Yellowstone,Not Reported,1978,2013,sur_refl_b04,6383,1.1664109366093958,0.8715335601882832,46262,1.182410785677249,0.8871335006655333,0.018297615896897,2019,"{""type"":""MultiPoint"",""coordinates"":[]}"
4,Temperate Conifer Forests,8905.15167170484,Not Reported,Not Applicable,Parc national de Yellowstone,Not Reported,1978,2013,NDVI,6383,9.408341430871142e-05,7.463695096610246e-05,46262,0.00010818921528267472,8.013642468885489e-05,0.018297615896897,2019,"{""type"":""MultiPoint"",""coordinates"":[]}"
5,Temperate Conifer Forests,8905.15167170484,Not Reported,Not Applicable,Parc national de Yellowstone,Not Reported,1978,2013,BSI,6383,5.381271132906806e-05,3.964759892289858e-05,46262,5.880235895048316e-05,4.154320395092166e-05,0.018297615896897,2019,"{""type"":""MultiPoint"",""coordinates"":[]}"
0,Temperate Conifer Forests,8905.15167170484,Not Reported,Not Applicable,Parc national de Yellowstone,Not Reported,1978,2013,sur_refl_b01,6383,1.1523959720279535,0.8827602470858293,46262,1.183542923411628,0.8897245980876072,0.018297615896897,2020,"{""type"":""MultiPoint"",""coordinates"":[]}"
1,Temperate Conifer Forests,8905.15167170484,Not Reported,Not Applicable,Parc national de Yellowstone,Not Reported,1978,2013,sur_refl_b02,6383,1.0138885711712975,0.7590578732324379,46262,1.0180242736534308,0.755201161729816,0.018297615896897,2020,"{""type"":""MultiPoint"",""coordinates"":[]}"
2,Temperate Conifer Forests,8905.15167170484,Not Reported,Not Applicable,Parc national de Yellowstone,Not Reported,1978,2013,sur_refl_b03,6383,1.0501766548514757,0.7918081948438005,46262,1.0951239879943422,0.804513284423265,0.018297615896897,2020,"{""type"":""MultiPoint"",""coordinates"":[]}"
3,Temperate Conifer Forests,8905.15167170484,Not Reported,Not Applicable,Parc national de Yellowstone,Not Reported,1978,2013,sur_refl_b04,6383,1.1136118162151858,0.8577063821782422,46262,1.1472711693654802,0.8624617963950574,0.018297615896897,2020,"{""type"":""MultiPoint"",""coordinates"":[]}"
4,Temperate Conifer Forests,8905.15167170484,Not Reported,Not Applicable,Parc national de Yellowstone,Not Reported,1978,2013,NDVI,6383,0.00010202823278546052,8.656446838089918e-05,46262,0.00011857146470681848,9.110411136294652e-05,0.018297615896897,2020,"{""type"":""MultiPoint"",""coordinates"":[]}"
5,Temperate Conifer Forests,8905.15167170484,Not Reported,Not Applicable,Parc national de Yellowstone,Not Reported,1978,2013,BSI,6383,5.9876544620555936e-05,4.404516080496943e-05,46262,6.625799385377304e-05,4.695020032036767e-05,0.018297615896897,2020,"{""type"":""MultiPoint"",""coordinates"":[]}"
0,Temperate Conifer Forests,8905.15167170484,Not Reported,Not Applicable,Parc national de Yellowstone,Not Reported,1978,2013,sur_refl_b01,6383,1.0273752850903914,0.8016317094905704,46262,0.9924003717948316,0.7883004100596619,0.018297615896897,2021,"{""type"":""MultiPoint"",""coordinates"":[]}"
1,Temperate Conifer Forests,8905.15167170484,Not Reported,Not Applicable,Parc national de Yellowstone,Not Reported,1978,2013,sur_refl_b02,6383,0.8859477195042982,0.6624600273869907,46262,0.8362352711384597,0.6474789405150119,0.018297615896897,2021,"{""type"":""MultiPoint"",""coordinates"":[]}"
2,Temperate Conifer Forests,8905.15167170484,Not Reported,Not Applicable,Parc national de Yellowstone,Not Reported,1978,2013,sur_refl_b03,6383,0.97574117496043,0.737726410290005,46262,0.9612004440654408,0.7449355851241939,0.018297615896897,2021,"{""type"":""MultiPoint"",""coordinates"":[]}"
3,Temperate Conifer Forests,8905.15167170484,Not Reported,Not Applicable,Parc national de Yellowstone,Not Reported,1978,2013,sur_refl_b04,6383,1.0009723654075,0.7828807637505563,46262,0.9714456216261406,0.7758506830235242,0.018297615896897,2021,"{""type"":""MultiPoint"",""coordinates"":[]}"
4,Temperate Conifer Forests,8905.15167170484,Not Reported,Not Applicable,Parc national de Yellowstone,Not Reported,1978,2013,NDVI,6383,0.000110378569035626,9.098646408529984e-05,46262,0.00012654526497595328,9.487784598171774e-05,0.018297615896897,2021,"{""type"":""MultiPoint"",""coordinates"":[]}"
5,Temperate Conifer Forests,8905.15167170484,Not Reported,Not Applicable,Parc national de Yellowstone,Not Reported,1978,2013,BSI,6383,6.694151693412321e-05,5.0291405905730594e-05,46262,7.651399329824242e-05,5.394031426667116e-05,0.018297615896897,2021,"{""type"":""MultiPoint"",""coordinates"":[]}"
0,Temperate Conifer Forests,8905.15167170484,Not Reported,Not Applicable,Parc national de Yellowstone,Not Reported,1978,2013,sur_refl_b01,6383,1.2350243178506797,0.942927178625695,46262,1.2347692760783728,0.9314320651590128,0.018297615896897,2022,"{""type"":""MultiPoint"",""coordinates"":[]}"
1,Temperate Conifer Forests,8905.15167170484,Not Reported,Not Applicable,Parc national de Yellowstone,Not Reported,1978,2013,sur_refl_b02,6383,1.0768548166139336,0.8105448529574935,46262,1.0620737587268867,0.7926159585749039,0.018297615896897,2022,"{""type"":""MultiPoint"",""coordinates"":[]}"
2,Temperate Conifer Forests,8905.15167170484,Not Reported,Not Applicable,Parc national de Yellowstone,Not Reported,1978,2013,sur_refl_b03,6383,1.1380505206043183,0.864302406313275,46262,1.1579357519277194,0.8583737757342177,0.018297615896897,2022,"{""type"":""MultiPoint"",""coordinates"":[]}"
3,Temperate Conifer Forests,8905.15167170484,Not Reported,Not Applicable,Parc national de Yellowstone,Not Reported,1978,2013,sur_refl_b04,6383,1.2050622364457118,0.9185751584534018,46262,1.207836862167348,0.9091052170509136,0.018297615896897,2022,"{""type"":""MultiPoint"",""coordinates"":[]}"
4,Temperate Conifer Forests,8905.15167170484,Not Reported,Not Applicable,Parc national de Yellowstone,Not Reported,1978,2013,NDVI,6383,0.00010194616042242094,8.632423295519314e-05,46262,0.0001194316268916451,9.170752813687503e-05,0.018297615896897,2022,"{""type"":""MultiPoint"",""coordinates"":[]}"
5,Temperate Conifer Forests,8905.15167170484,Not Reported,Not Applicable,Parc national de Yellowstone,Not Reported,1978,2013,BSI,6383,5.958338794543326e-05,4.3881554022352e-05,46262,6.809119432867882e-05,4.748952075864621e-05,0.018297615896897,2022,"{""type"":""MultiPoint"",""coordinates"":[]}"
0,Temperate Conifer Forests,8905.15167170484,Not Reported,Not Applicable,Parc national de Yellowstone,Not Reported,1978,2013,sur_refl_b01,6383,2.108220180148424,1.5004346750157418,46262,2.0649363541990504,1.5176107880243233,0.018297615896897,2023,"{""type"":""MultiPoint"",""coordinates"":[]}"
1,Temperate Conifer Forests,8905.15167170484,Not Reported,Not Applicable,Parc national de Yellowstone,Not Reported,1978,2013,sur_refl_b02,6383,2.1118889559155174,1.494313613290534,46262,2.0685632123109823,1.513661368385247,0.018297615896897,2023,"{""type"":""MultiPoint"",""coordinates"":[]}"
2,Temperate Conifer Forests,8905.15167170484,Not Reported,Not Applicable,Parc national de Yellowstone,Not Reported,1978,2013,sur_refl_b03,6383,1.8181833412370332,1.2676488531629189,46262,1.79794119375081,1.2844482778614894,0.018297615896897,2023,"{""type"":""MultiPoint"",""coordinates"":[]}"
3,Temperate Conifer Forests,8905.15167170484,Not Reported,Not Applicable,Parc national de Yellowstone,Not Reported,1978,2013,sur_refl_b04,6383,2.029013091942992,1.4329279024734325,46262,1.992399841681618,1.4496559360994876,0.018297615896897,2023,"{""type"":""MultiPoint"",""coordinates"":[]}"
4,Temperate Conifer Forests,8905.15167170484,Not Reported,Not Applicable,Parc national de Yellowstone,Not Reported,1978,2013,NDVI,6383,6.610608319943178e-05,4.778674369096288e-05,46262,7.287849402580157e-05,5.328581570616696e-05,0.018297615896897,2023,"{""type"":""MultiPoint"",""coordinates"":[]}"
5,Temperate Conifer Forests,8905.15167170484,Not Reported,Not Applicable,Parc national de Yellowstone,Not Reported,1978,2013,BSI,6383,5.050368446932306e-05,3.490578442255909e-05,46262,5.307406940685363e-05,3.711864419782987e-05,0.018297615896897,2023,"{""type"":""MultiPoint"",""coordinates"":[]}"
0,"Tropical & Subtropical Grasslands, Savannas & Shrublands",13123.0503012899,Federal or national ministry or agency,II,Serengeti National Park,Not Reported,1951,916,sur_refl_b01,7402,0.0731472403193603,0.054561342126514,53385,0.0732544924397037,0.0546330127995916,0.1846013658358379,2001,"{""type"":""MultiPoint"",""coordinates"":[]}"
1,"Tropical & Subtropical Grasslands, Savannas & Shrublands",13123.0503012899,Federal or national ministry or agency,II,Serengeti National Park,Not Reported,1951,916,sur_refl_b02,7402,0.1589896747958326,0.1079197804734615,53385,0.1586978921809718,0.1132784500174246,0.1846013658358379,2001,"{""type"":""MultiPoint"",""coordinates"":[]}"
2,"Tropical & Subtropical Grasslands, Savannas & Shrublands",13123.0503012899,Federal or national ministry or agency,II,Serengeti National Park,Not Reported,1951,916,sur_refl_b03,7402,0.0366247783637304,0.0280579861958281,53385,0.0361760128703824,0.0268303167147826,0.1846013658358379,2001,"{""type"":""MultiPoint"",""coordinates"":[]}"
3,"Tropical & Subtropical Grasslands, Savannas & Shrublands",13123.0503012899,Federal or national ministry or agency,II,Serengeti National Park,Not Reported,1951,916,sur_refl_b04,7402,0.0532709307995419,0.0389036140510651,53385,0.0523143678171905,0.0378781151516606,0.1846013658358379,2001,"{""type"":""MultiPoint"",""coordinates"":[]}"
4,"Tropical & Subtropical Grasslands, Savannas & Shrublands",13123.0503012899,Federal or national ministry or agency,II,Serengeti National Park,Not Reported,1951,916,NDVI,7402,3.595809348005608e-05,2.726767168806197e-05,53385,3.462176887486722e-05,2.4451540227437105e-05,0.1846013658358379,2001,"{""type"":""MultiPoint"",""coordinates"":[]}"
5,"Tropical & Subtropical Grasslands, Savannas & Shrublands",13123.0503012899,Federal or national ministry or agency,II,Serengeti National Park,Not Reported,1951,916,BSI,7402,4.968836331179957e-05,3.809222202773557e-05,53385,4.61778508985254e-05,3.4507506782132264e-05,0.1846013658358379,2001,"{""type"":""MultiPoint"",""coordinates"":[]}"
0,"Tropical & Subtropical Grasslands, Savannas & Shrublands",13123.0503012899,Federal or national ministry or agency,II,Serengeti National Park,Not Reported,1951,916,sur_refl_b01,7402,0.0928639571203917,0.0657724728644539,53385,0.0922403373383229,0.0660087266082424,0.1846013658358379,2002,"{""type"":""MultiPoint"",""coordinates"":[]}"
1,"Tropical & Subtropical Grasslands, Savannas & Shrublands",13123.0503012899,Federal or national ministry or agency,II,Serengeti National Park,Not Reported,1951,916,sur_refl_b02,7402,0.1615727491615773,0.1149340886365299,53385,0.1614893324612774,0.1193917366471246,0.1846013658358379,2002,"{""type"":""MultiPoint"",""coordinates"":[]}"
2,"Tropical & Subtropical Grasslands, Savannas & Shrublands",13123.0503012899,Federal or national ministry or agency,II,Serengeti National Park,Not Reported,1951,916,sur_refl_b03,7402,0.0468900672444505,0.0353516666101661,53385,0.0457068557754927,0.0334368539475088,0.1846013658358379,2002,"{""type"":""MultiPoint"",""coordinates"":[]}"
3,"Tropical & Subtropical Grasslands, Savannas & Shrublands",13123.0503012899,Federal or national ministry or agency,II,Serengeti National Park,Not Reported,1951,916,sur_refl_b04,7402,0.0635451198697438,0.0451248298680325,53385,0.0619707562171245,0.0449456188993973,0.1846013658358379,2002,"{""type"":""MultiPoint"",""coordinates"":[]}"
4,"Tropical & Subtropical Grasslands, Savannas & Shrublands",13123.0503012899,Federal or national ministry or agency,II,Serengeti National Park,Not Reported,1951,916,NDVI,7402,4.285232745595712e-05,3.0214185917990664e-05,53385,4.130426520470527e-05,2.7966030965758115e-05,0.1846013658358379,2002,"{""type"":""MultiPoint"",""coordinates"":[]}"
5,"Tropical & Subtropical Grasslands, Savannas & Shrublands",13123.0503012899,Federal or national ministry or agency,II,Serengeti National Park,Not Reported,1951,916,BSI,7402,4.979870340675786e-05,3.6855250575599006e-05,53385,4.686915080526048e-05,3.4568809464211655e-05,0.1846013658358379,2002,"{""type"":""MultiPoint"",""coordinates"":[]}"
0,"Tropical & Subtropical Grasslands, Savannas & Shrublands",13123.0503012899,Federal or national ministry or agency,II,Serengeti National Park,Not Reported,1951,916,sur_refl_b01,7402,0.0891705033013158,0.0673518871517368,53385,0.0877164777285387,0.0652739745789636,0.1846013658358379,2003,"{""type"":""MultiPoint"",""coordinates"":[]}"
1,"Tropical & Subtropical Grasslands, Savannas & Shrublands",13123.0503012899,Federal or national ministry or agency,II,Serengeti National Park,Not Reported,1951,916,sur_refl_b02,7402,0.1510918479545303,0.1089127533342555,53385,0.1483959824379785,0.1136642362570163,0.1846013658358379,2003,"{""type"":""MultiPoint"",""coordinates"":[]}"
2,"Tropical & Subtropical Grasslands, Savannas & Shrublands",13123.0503012899,Federal or national ministry or agency,II,Serengeti National Park,Not Reported,1951,916,sur_refl_b03,7402,0.044021661032715,0.0352584413363113,53385,0.0430618004933398,0.0323461156770385,0.1846013658358379,2003,"{""type"":""MultiPoint"",""coordinates"":[]}"
3,"Tropical & Subtropical Grasslands, Savannas & Shrublands",13123.0503012899,Federal or national ministry or agency,II,Serengeti National Park,Not Reported,1951,916,sur_refl_b04,7402,0.0600841650606027,0.0468852204909636,53385,0.0587735833045934,0.0451110161200843,0.1846013658358379,2003,"{""type"":""MultiPoint"",""coordinates"":[]}"
4,"Tropical & Subtropical Grasslands, Savannas & Shrublands",13123.0503012899,Federal or national ministry or agency,II,Serengeti National Park,Not Reported,1951,916,NDVI,7402,3.9771020078880686e-05,3.0436448677925235e-05,53385,3.787535138776479e-05,2.7194986615731747e-05,0.1846013658358379,2003,"{""type"":""MultiPoint"",""coordinates"":[]}"
5,"Tropical & Subtropical Grasslands, Savannas & Shrublands",13123.0503012899,Federal or national ministry or agency,II,Serengeti National Park,Not Reported,1951,916,BSI,7402,4.9039546976614646e-05,3.968775617990447e-05,53385,4.504584627585234e-05,3.588702952074939e-05,0.1846013658358379,2003,"{""type"":""MultiPoint"",""coordinates"":[]}"
0,"Tropical & Subtropical Grasslands, Savannas & Shrublands",13123.0503012899,Federal or national ministry or agency,II,Serengeti National Park,Not Reported,1951,916,sur_refl_b01,7402,0.0933283223326487,0.0709293029023413,53385,0.0918292812476843,0.0678882553109116,0.1846013658358379,2004,"{""type"":""MultiPoint"",""coordinates"":[]}"
1,"Tropical & Subtropical Grasslands, Savannas & Shrublands",13123.0503012899,Federal or national ministry or agency,II,Serengeti National Park,Not Reported,1951,916,sur_refl_b02,7402,0.1602791436686678,0.1173054493575523,53385,0.1571685211654874,0.120604883165288,0.1846013658358379,2004,"{""type"":""MultiPoint"",""coordinates"":[]}"
2,"Tropical & Subtropical Grasslands, Savannas & Shrublands",13123.0503012899,Federal or national ministry or agency,II,Serengeti National Park,Not Reported,1951,916,sur_refl_b03,7402,0.0470243304253966,0.03765551451763,53385,0.045563839755436,0.0343012177142312,0.1846013658358379,2004,"{""type"":""MultiPoint"",""coordinates"":[]}"
3,"Tropical & Subtropical Grasslands, Savannas & Shrublands",13123.0503012899,Federal or national ministry or agency,II,Serengeti National Park,Not Reported,1951,916,sur_refl_b04,7402,0.0663335510159705,0.0528201083821837,53385,0.06541775695981,0.0499401791096494,0.1846013658358379,2004,"{""type"":""MultiPoint"",""coordinates"":[]}"
4,"Tropical & Subtropical Grasslands, Savannas & Shrublands",13123.0503012899,Federal or national ministry or agency,II,Serengeti National Park,Not Reported,1951,916,NDVI,7402,3.876024533909124e-05,2.8056184401421908e-05,53385,3.7002425027184985e-05,2.630745982549894e-05,0.1846013658358379,2004,"{""type"":""MultiPoint"",""coordinates"":[]}"
5,"Tropical & Subtropical Grasslands, Savannas & Shrublands",13123.0503012899,Federal or national ministry or agency,II,Serengeti National Park,Not Reported,1951,916,BSI,7402,4.5974789916901336e-05,3.687825825934144e-05,53385,4.276256832857281e-05,3.4144455696599545e-05,0.1846013658358379,2004,"{""type"":""MultiPoint"",""coordinates"":[]}"
0,"Tropical & Subtropical Grasslands, Savannas & Shrublands",13123.0503012899,Federal or national ministry or agency,II,Serengeti National Park,Not Reported,1951,916,sur_refl_b01,7402,0.0913037763621403,0.0711503020382193,53385,0.0918849605327104,0.0707213136383955,0.1846013658358379,2005,"{""type"":""MultiPoint"",""coordinates"":[]}"
1,"Tropical & Subtropical Grasslands, Savannas & Shrublands",13123.0503012899,Federal or national ministry or agency,II,Serengeti National Park,Not Reported,1951,916,sur_refl_b02,7402,0.1525976846662446,0.1078784034856603,53385,0.1504057701577566,0.1134886558669993,0.1846013658358379,2005,"{""type"":""MultiPoint"",""coordinates"":[]}"
2,"Tropical & Subtropical Grasslands, Savannas & Shrublands",13123.0503012899,Federal or national ministry or agency,II,Serengeti National Park,Not Reported,1951,916,sur_refl_b03,7402,0.0450914499753763,0.0371528793121583,53385,0.0447327866782516,0.0345681613908985,0.1846013658358379,2005,"{""type"":""MultiPoint"",""coordinates"":[]}"
3,"Tropical & Subtropical Grasslands, Savannas & Shrublands",13123.0503012899,Federal or national ministry or agency,II,Serengeti National Park,Not Reported,1951,916,sur_refl_b04,7402,0.0605813909380035,0.0492035668368576,53385,0.0606433875972432,0.0474202893322481,0.1846013658358379,2005,"{""type"":""MultiPoint"",""coordinates"":[]}"
4,"Tropical & Subtropical Grasslands, Savannas & Shrublands",13123.0503012899,Federal or national ministry or agency,II,Serengeti National Park,Not Reported,1951,916,NDVI,7402,3.8954895243468e-05,3.004767833378459e-05,53385,3.657151067766924e-05,2.7439708629692475e-05,0.1846013658358379,2005,"{""type"":""MultiPoint"",""coordinates"":[]}"
5,"Tropical & Subtropical Grasslands, Savannas & Shrublands",13123.0503012899,Federal or national ministry or agency,II,Serengeti National Park,Not Reported,1951,916,BSI,7402,4.812648833469327e-05,3.990011002119432e-05,53385,4.339033309676344e-05,3.608029102037803e-05,0.1846013658358379,2005,"{""type"":""MultiPoint"",""coordinates"":[]}"
0,"Tropical & Subtropical Grasslands, Savannas & Shrublands",13123.0503012899,Federal or national ministry or agency,II,Serengeti National Park,Not Reported,1951,916,sur_refl_b01,7402,0.1016780945309705,0.074651221621103,53385,0.0987667078754299,0.0706963411633323,0.1846013658358379,2006,"{""type"":""MultiPoint"",""coordinates"":[]}"
1,"Tropical & Subtropical Grasslands, Savannas & Shrublands",13123.0503012899,Federal or national ministry or agency,II,Serengeti National Park,Not Reported,1951,916,sur_refl_b02,7402,0.1706486403154758,0.1214593352498318,53385,0.1613219952018074,0.1168010077742633,0.1846013658358379,2006,"{""type"":""MultiPoint"",""coordinates"":[]}"
2,"Tropical & Subtropical Grasslands, Savannas & Shrublands",13123.0503012899,Federal or national ministry or agency,II,Serengeti National Park,Not Reported,1951,916,sur_refl_b03,7402,0.051386903999884,0.0376975527570115,53385,0.0487711164512275,0.0346317791922486,0.1846013658358379,2006,"{""type"":""MultiPoint"",""coordinates"":[]}"
3,"Tropical & Subtropical Grasslands, Savannas & Shrublands",13123.0503012899,Federal or national ministry or agency,II,Serengeti National Park,Not Reported,1951,916,sur_refl_b04,7402,0.0619639173800386,0.0464539664777974,53385,0.0608430293392827,0.0453161410863669,0.1846013658358379,2006,"{""type"":""MultiPoint"",""coordinates"":[]}"
4,"Tropical & Subtropical Grasslands, Savannas & Shrublands",13123.0503012899,Federal or national ministry or agency,II,Serengeti National Park,Not Reported,1951,916,NDVI,7402,4.111690792116559e-05,3.0094290639363467e-05,53385,3.9227174725305536e-05,2.7436998807700403e-05,0.1846013658358379,2006,"{""type"":""MultiPoint"",""coordinates"":[]}"
5,"Tropical & Subtropical Grasslands, Savannas & Shrublands",13123.0503012899,Federal or national ministry or agency,II,Serengeti National Park,Not Reported,1951,916,BSI,7402,4.914232089363324e-05,3.87756185458116e-05,53385,4.5094283101403565e-05,3.541751484703724e-05,0.1846013658358379,2006,"{""type"":""MultiPoint"",""coordinates"":[]}"
0,"Tropical & Subtropical Grasslands, Savannas & Shrublands",13123.0503012899,Federal or national ministry or agency,II,Serengeti National Park,Not Reported,1951,916,sur_refl_b01,7402,0.0774012134110121,0.0565972718807132,53385,0.0780640618877288,0.0567135424520852,0.1846013658358379,2007,"{""type"":""MultiPoint"",""coordinates"":[]}"
1,"Tropical & Subtropical Grasslands, Savannas & Shrublands",13123.0503012899,Federal or national ministry or agency,II,Serengeti National Park,Not Reported,1951,916,sur_refl_b02,7402,0.1565710205143625,0.1132054239572105,53385,0.1525379855939346,0.1099287105109167,0.1846013658358379,2007,"{""type"":""MultiPoint"",""coordinates"":[]}"
2,"Tropical & Subtropical Grasslands, Savannas & Shrublands",13123.0503012899,Federal or national ministry or agency,II,Serengeti National Park,Not Reported,1951,916,sur_refl_b03,7402,0.0387935180811663,0.0285374131174245,53385,0.0387335357548564,0.0279644435778003,0.1846013658358379,2007,"{""type"":""MultiPoint"",""coordinates"":[]}"
3,"Tropical & Subtropical Grasslands, Savannas & Shrublands",13123.0503012899,Federal or national ministry or agency,II,Serengeti National Park,Not Reported,1951,916,sur_refl_b04,7402,0.055372254795183,0.039650286752387,53385,0.0547178750754744,0.0392101916439939,0.1846013658358379,2007,"{""type"":""MultiPoint"",""coordinates"":[]}"
4,"Tropical & Subtropical Grasslands, Savannas & Shrublands",13123.0503012899,Federal or national ministry or agency,II,Serengeti National Park,Not Reported,1951,916,NDVI,7402,3.785930587251303e-05,2.8320793535054527e-05,53385,3.6159729714029006e-05,2.5787573861926653e-05,0.1846013658358379,2007,"{""type"":""MultiPoint"",""coordinates"":[]}"
5,"Tropical & Subtropical Grasslands, Savannas & Shrublands",13123.0503012899,Federal or national ministry or agency,II,Serengeti National Park,Not Reported,1951,916,BSI,7402,5.10401398828012e-05,4.041775758594628e-05,53385,4.749289083164548e-05,3.675309238134801e-05,0.1846013658358379,2007,"{""type"":""MultiPoint"",""coordinates"":[]}"
0,"Tropical & Subtropical Grasslands, Savannas & Shrublands",13123.0503012899,Federal or national ministry or agency,II,Serengeti National Park,Not Reported,1951,916,sur_refl_b01,7402,0.091602962765469,0.0719342565218474,53385,0.08705914310261,0.0673110813146642,0.1846013658358379,2008,"{""type"":""MultiPoint"",""coordinates"":[]}"
1,"Tropical & Subtropical Grasslands, Savannas & Shrublands",13123.0503012899,Federal or national ministry or agency,II,Serengeti National Park,Not Reported,1951,916,sur_refl_b02,7402,0.153389940556767,0.115371566838755,53385,0.1488662634853754,0.109913473229033,0.1846013658358379,2008,"{""type"":""MultiPoint"",""coordinates"":[]}"
2,"Tropical & Subtropical Grasslands, Savannas & Shrublands",13123.0503012899,Federal or national ministry or agency,II,Serengeti National Park,Not Reported,1951,916,sur_refl_b03,7402,0.0443476417246187,0.036430381095595,53385,0.0419126172509639,0.032375948723545,0.1846013658358379,2008,"{""type"":""MultiPoint"",""coordinates"":[]}"
3,"Tropical & Subtropical Grasslands, Savannas & Shrublands",13123.0503012899,Federal or national ministry or agency,II,Serengeti National Park,Not Reported,1951,916,sur_refl_b04,7402,0.0602342110561145,0.0479643320725043,53385,0.0579722521093229,0.0445376695138687,0.1846013658358379,2008,"{""type"":""MultiPoint"",""coordinates"":[]}"
4,"Tropical & Subtropical Grasslands, Savannas & Shrublands",13123.0503012899,Federal or national ministry or agency,II,Serengeti National Park,Not Reported,1951,916,NDVI,7402,3.918290838079742e-05,3.122390220563792e-05,53385,3.561363951411447e-05,2.7172514367870515e-05,0.1846013658358379,2008,"{""type"":""MultiPoint"",""coordinates"":[]}"
5,"Tropical & Subtropical Grasslands, Savannas & Shrublands",13123.0503012899,Federal or national ministry or agency,II,Serengeti National Park,Not Reported,1951,916,BSI,7402,5.180110046226864e-05,4.67169020748978e-05,53385,4.429195952751268e-05,3.792266396914684e-05,0.1846013658358379,2008,"{""type"":""MultiPoint"",""coordinates"":[]}"
0,"Tropical & Subtropical Grasslands, Savannas & Shrublands",13123.0503012899,Federal or national ministry or agency,II,Serengeti National Park,Not Reported,1951,916,sur_refl_b01,7402,0.086846616192612,0.0682259100218814,53385,0.0839266381363506,0.0652618829409397,0.1846013658358379,2009,"{""type"":""MultiPoint"",""coordinates"":[]}"
1,"Tropical & Subtropical Grasslands, Savannas & Shrublands",13123.0503012899,Federal or national ministry or agency,II,Serengeti National Park,Not Reported,1951,916,sur_refl_b02,7402,0.1459915779822805,0.1094727533101418,53385,0.1425784512283672,0.1100847281484184,0.1846013658358379,2009,"{""type"":""MultiPoint"",""coordinates"":[]}"
2,"Tropical & Subtropical Grasslands, Savannas & Shrublands",13123.0503012899,Federal or national ministry or agency,II,Serengeti National Park,Not Reported,1951,916,sur_refl_b03,7402,0.0433421283940746,0.0352054847362651,53385,0.0410403973181167,0.031871045784097,0.1846013658358379,2009,"{""type"":""MultiPoint"",""coordinates"":[]}"
3,"Tropical & Subtropical Grasslands, Savannas & Shrublands",13123.0503012899,Federal or national ministry or agency,II,Serengeti National Park,Not Reported,1951,916,sur_refl_b04,7402,0.0594965431181346,0.0467483239366592,53385,0.057306173834588,0.044523614914639,0.1846013658358379,2009,"{""type"":""MultiPoint"",""coordinates"":[]}"
4,"Tropical & Subtropical Grasslands, Savannas & Shrublands",13123.0503012899,Federal or national ministry or agency,II,Serengeti National Park,Not Reported,1951,916,NDVI,7402,3.736200901468468e-05,2.9076358855944293e-05,53385,3.429238492700047e-05,2.5757903646765445e-05,0.1846013658358379,2009,"{""type"":""MultiPoint"",""coordinates"":[]}"
5,"Tropical & Subtropical Grasslands, Savannas & Shrublands",13123.0503012899,Federal or national ministry or agency,II,Serengeti National Park,Not Reported,1951,916,BSI,7402,5.001662240784495e-05,4.336214217990449e-05,53385,4.316071875473831e-05,3.670078890673552e-05,0.1846013658358379,2009,"{""type"":""MultiPoint"",""coordinates"":[]}"
0,"Tropical & Subtropical Grasslands, Savannas & Shrublands",13123.0503012899,Federal or national ministry or agency,II,Serengeti National Park,Not Reported,1951,916,sur_refl_b01,7402,0.0895594934713026,0.0683327276026297,53385,0.0866659150552842,0.0652831471991353,0.1846013658358379,2010,"{""type"":""MultiPoint"",""coordinates"":[]}"
1,"Tropical & Subtropical Grasslands, Savannas & Shrublands",13123.0503012899,Federal or national ministry or agency,II,Serengeti National Park,Not Reported,1951,916,sur_refl_b02,7402,0.1566240097784974,0.1119083191309616,53385,0.151092348773648,0.1113276182066059,0.1846013658358379,2010,"{""type"":""MultiPoint"",""coordinates"":[]}"
2,"Tropical & Subtropical Grasslands, Savannas & Shrublands",13123.0503012899,Federal or national ministry or agency,II,Serengeti National Park,Not Reported,1951,916,sur_refl_b03,7402,0.044350248264647,0.0347612299319071,53385,0.0421083427317207,0.0318073655314212,0.1846013658358379,2010,"{""type"":""MultiPoint"",""coordinates"":[]}"
3,"Tropical & Subtropical Grasslands, Savannas & Shrublands",13123.0503012899,Federal or national ministry or agency,II,Serengeti National Park,Not Reported,1951,916,sur_refl_b04,7402,0.0595790917817963,0.0453664143559096,53385,0.0585572018601633,0.0434745675037147,0.1846013658358379,2010,"{""type"":""MultiPoint"",""coordinates"":[]}"
4,"Tropical & Subtropical Grasslands, Savannas & Shrublands",13123.0503012899,Federal or national ministry or agency,II,Serengeti National Park,Not Reported,1951,916,NDVI,7402,4.090615029228295e-05,3.04132021232904e-05,53385,3.750172826220395e-05,2.6895198690675823e-05,0.1846013658358379,2010,"{""type"":""MultiPoint"",""coordinates"":[]}"
5,"Tropical & Subtropical Grasslands, Savannas & Shrublands",13123.0503012899,Federal or national ministry or agency,II,Serengeti National Park,Not Reported,1951,916,BSI,7402,5.405779631607307e-05,4.4668683478052434e-05,53385,4.727846777672103e-05,3.739547576314798e-05,0.1846013658358379,2010,"{""type"":""MultiPoint"",""coordinates"":[]}"
0,"Tropical & Subtropical Grasslands, Savannas & Shrublands",13123.0503012899,Federal or national ministry or agency,II,Serengeti National Park,Not Reported,1951,916,sur_refl_b01,7402,0.096381727442134,0.0706475581348351,53385,0.092680279249513,0.0681203369634799,0.1846013658358379,2011,"{""type"":""MultiPoint"",""coordinates"":[]}"
1,"Tropical & Subtropical Grasslands, Savannas & Shrublands",13123.0503012899,Federal or national ministry or agency,II,Serengeti National Park,Not Reported,1951,916,sur_refl_b02,7402,0.140283688394477,0.1006727548393199,53385,0.1391330067543395,0.1035828969037918,0.1846013658358379,2011,"{""type"":""MultiPoint"",""coordinates"":[]}"
2,"Tropical & Subtropical Grasslands, Savannas & Shrublands",13123.0503012899,Federal or national ministry or agency,II,Serengeti National Park,Not Reported,1951,916,sur_refl_b03,7402,0.047953593149125,0.0364140603856792,53385,0.0453259864894298,0.0333194651885402,0.1846013658358379,2011,"{""type"":""MultiPoint"",""coordinates"":[]}"
3,"Tropical & Subtropical Grasslands, Savannas & Shrublands",13123.0503012899,Federal or national ministry or agency,II,Serengeti National Park,Not Reported,1951,916,sur_refl_b04,7402,0.0631911709002447,0.046875615463061,53385,0.06137008397261,0.0455069154900223,0.1846013658358379,2011,"{""type"":""MultiPoint"",""coordinates"":[]}"
4,"Tropical & Subtropical Grasslands, Savannas & Shrublands",13123.0503012899,Federal or national ministry or agency,II,Serengeti National Park,Not Reported,1951,916,NDVI,7402,3.940555269421784e-05,3.095675606844365e-05,53385,3.592437731379825e-05,2.6933181796229916e-05,0.1846013658358379,2011,"{""type"":""MultiPoint"",""coordinates"":[]}"
5,"Tropical & Subtropical Grasslands, Savannas & Shrublands",13123.0503012899,Federal or national ministry or agency,II,Serengeti National Park,Not Reported,1951,916,BSI,7402,5.171101252089756e-05,4.518199571330477e-05,53385,4.487438390238026e-05,3.7845568165384296e-05,0.1846013658358379,2011,"{""type"":""MultiPoint"",""coordinates"":[]}"
0,"Tropical & Subtropical Grasslands, Savannas & Shrublands",13123.0503012899,Federal or national ministry or agency,II,Serengeti National Park,Not Reported,1951,916,sur_refl_b01,7402,0.0909217673468411,0.0663005257366744,53385,0.0879567316272114,0.064675416749421,0.1846013658358379,2012,"{""type"":""MultiPoint"",""coordinates"":[]}"
1,"Tropical & Subtropical Grasslands, Savannas & Shrublands",13123.0503012899,Federal or national ministry or agency,II,Serengeti National Park,Not Reported,1951,916,sur_refl_b02,7402,0.144841325769371,0.111234058400462,53385,0.1396032762018249,0.1041883827719037,0.1846013658358379,2012,"{""type"":""MultiPoint"",""coordinates"":[]}"
2,"Tropical & Subtropical Grasslands, Savannas & Shrublands",13123.0503012899,Federal or national ministry or agency,II,Serengeti National Park,Not Reported,1951,916,sur_refl_b03,7402,0.0445105089994905,0.0334893910617124,53385,0.0427480825798696,0.0319540358767534,0.1846013658358379,2012,"{""type"":""MultiPoint"",""coordinates"":[]}"
3,"Tropical & Subtropical Grasslands, Savannas & Shrublands",13123.0503012899,Federal or national ministry or agency,II,Serengeti National Park,Not Reported,1951,916,sur_refl_b04,7402,0.0588328913437123,0.0454649330266245,53385,0.0576839613567062,0.0444290016847702,0.1846013658358379,2012,"{""type"":""MultiPoint"",""coordinates"":[]}"
4,"Tropical & Subtropical Grasslands, Savannas & Shrublands",13123.0503012899,Federal or national ministry or agency,II,Serengeti National Park,Not Reported,1951,916,NDVI,7402,3.843352202913518e-05,2.8346201011245026e-05,53385,3.551705067125826e-05,2.5682304215303518e-05,0.1846013658358379,2012,"{""type"":""MultiPoint"",""coordinates"":[]}"
5,"Tropical & Subtropical Grasslands, Savannas & Shrublands",13123.0503012899,Federal or national ministry or agency,II,Serengeti National Park,Not Reported,1951,916,BSI,7402,5.1125370099168e-05,4.305537634877184e-05,53385,4.468098629641396e-05,3.598620988372285e-05,0.1846013658358379,2012,"{""type"":""MultiPoint"",""coordinates"":[]}"
0,"Tropical & Subtropical Grasslands, Savannas & Shrublands",13123.0503012899,Federal or national ministry or agency,II,Serengeti National Park,Not Reported,1951,916,sur_refl_b01,7402,0.1108044113089245,0.0794661807565575,53385,0.1073171528524716,0.0788581246330863,0.1846013658358379,2013,"{""type"":""MultiPoint"",""coordinates"":[]}"
1,"Tropical & Subtropical Grasslands, Savannas & Shrublands",13123.0503012899,Federal or national ministry or agency,II,Serengeti National Park,Not Reported,1951,916,sur_refl_b02,7402,0.1683010374273537,0.1208422914709251,53385,0.1629453390185365,0.1197791848461177,0.1846013658358379,2013,"{""type"":""MultiPoint"",""coordinates"":[]}"
2,"Tropical & Subtropical Grasslands, Savannas & Shrublands",13123.0503012899,Federal or national ministry or agency,II,Serengeti National Park,Not Reported,1951,916,sur_refl_b03,7402,0.054114171247187,0.0384346211162095,53385,0.0516065121404147,0.0370452918855669,0.1846013658358379,2013,"{""type"":""MultiPoint"",""coordinates"":[]}"
3,"Tropical & Subtropical Grasslands, Savannas & Shrublands",13123.0503012899,Federal or national ministry or agency,II,Serengeti National Park,Not Reported,1951,916,sur_refl_b04,7402,0.0716719365885126,0.0530019902649436,53385,0.0686290053393692,0.0522186727675533,0.1846013658358379,2013,"{""type"":""MultiPoint"",""coordinates"":[]}"
4,"Tropical & Subtropical Grasslands, Savannas & Shrublands",13123.0503012899,Federal or national ministry or agency,II,Serengeti National Park,Not Reported,1951,916,NDVI,7402,4.285177293195023e-05,3.084278650557121e-05,53385,3.9772560306881375e-05,2.836365368980074e-05,0.1846013658358379,2013,"{""type"":""MultiPoint"",""coordinates"":[]}"
5,"Tropical & Subtropical Grasslands, Savannas & Shrublands",13123.0503012899,Federal or national ministry or agency,II,Serengeti National Park,Not Reported,1951,916,BSI,7402,5.201030121902779e-05,4.410400224557604e-05,53385,4.552855822287586e-05,3.69430939520407e-05,0.1846013658358379,2013,"{""type"":""MultiPoint"",""coordinates"":[]}"
0,"Tropical & Subtropical Grasslands, Savannas & Shrublands",13123.0503012899,Federal or national ministry or agency,II,Serengeti National Park,Not Reported,1951,916,sur_refl_b01,7402,0.0978797251241489,0.0733168255055616,53385,0.0953324955616191,0.0722874855598446,0.1846013658358379,2014,"{""type"":""MultiPoint"",""coordinates"":[]}"
1,"Tropical & Subtropical Grasslands, Savannas & Shrublands",13123.0503012899,Federal or national ministry or agency,II,Serengeti National Park,Not Reported,1951,916,sur_refl_b02,7402,0.1519730738108437,0.1152012419313727,53385,0.1490695023191746,0.1124177501971268,0.1846013658358379,2014,"{""type"":""MultiPoint"",""coordinates"":[]}"
2,"Tropical & Subtropical Grasslands, Savannas & Shrublands",13123.0503012899,Federal or national ministry or agency,II,Serengeti National Park,Not Reported,1951,916,sur_refl_b03,7402,0.047815017487213,0.0365280811227759,53385,0.0458977568872591,0.0347110420400372,0.1846013658358379,2014,"{""type"":""MultiPoint"",""coordinates"":[]}"
3,"Tropical & Subtropical Grasslands, Savannas & Shrublands",13123.0503012899,Federal or national ministry or agency,II,Serengeti National Park,Not Reported,1951,916,sur_refl_b04,7402,0.0635078177421088,0.0490634552198401,53385,0.0619596280577489,0.0472799449156307,0.1846013658358379,2014,"{""type"":""MultiPoint"",""coordinates"":[]}"
4,"Tropical & Subtropical Grasslands, Savannas & Shrublands",13123.0503012899,Federal or national ministry or agency,II,Serengeti National Park,Not Reported,1951,916,NDVI,7402,4.091704866260735e-05,3.2722580773681726e-05,53385,3.7721976447876006e-05,2.9362473487865016e-05,0.1846013658358379,2014,"{""type"":""MultiPoint"",""coordinates"":[]}"
5,"Tropical & Subtropical Grasslands, Savannas & Shrublands",13123.0503012899,Federal or national ministry or agency,II,Serengeti National Park,Not Reported,1951,916,BSI,7402,5.600775158843191e-05,4.910646015434546e-05,53385,4.812793689485436e-05,4.1873675004635286e-05,0.1846013658358379,2014,"{""type"":""MultiPoint"",""coordinates"":[]}"
0,"Tropical & Subtropical Grasslands, Savannas & Shrublands",13123.0503012899,Federal or national ministry or agency,II,Serengeti National Park,Not Reported,1951,916,sur_refl_b01,7402,0.105251261995304,0.0751595708315655,53385,0.1018215286285767,0.0718226533754348,0.1846013658358379,2015,"{""type"":""MultiPoint"",""coordinates"":[]}"
1,"Tropical & Subtropical Grasslands, Savannas & Shrublands",13123.0503012899,Federal or national ministry or agency,II,Serengeti National Park,Not Reported,1951,916,sur_refl_b02,7402,0.1601471258460675,0.1181186656030574,53385,0.1556502301954851,0.1137340792315283,0.1846013658358379,2015,"{""type"":""MultiPoint"",""coordinates"":[]}"
2,"Tropical & Subtropical Grasslands, Savannas & Shrublands",13123.0503012899,Federal or national ministry or agency,II,Serengeti National Park,Not Reported,1951,916,sur_refl_b03,7402,0.0533922907232266,0.0379437106758538,53385,0.0509578308860525,0.0357111403448361,0.1846013658358379,2015,"{""type"":""MultiPoint"",""coordinates"":[]}"
3,"Tropical & Subtropical Grasslands, Savannas & Shrublands",13123.0503012899,Federal or national ministry or agency,II,Serengeti National Park,Not Reported,1951,916,sur_refl_b04,7402,0.0631692701114342,0.048454115325579,53385,0.0619340005123253,0.0461908054329031,0.1846013658358379,2015,"{""type"":""MultiPoint"",""coordinates"":[]}"
4,"Tropical & Subtropical Grasslands, Savannas & Shrublands",13123.0503012899,Federal or national ministry or agency,II,Serengeti National Park,Not Reported,1951,916,NDVI,7402,4.5101158863261285e-05,3.207392338002927e-05,53385,4.228265265241749e-05,2.949392066055213e-05,0.1846013658358379,2015,"{""type"":""MultiPoint"",""coordinates"":[]}"
5,"Tropical & Subtropical Grasslands, Savannas & Shrublands",13123.0503012899,Federal or national ministry or agency,II,Serengeti National Park,Not Reported,1951,916,BSI,7402,5.769243480783298e-05,4.6260118384763656e-05,53385,5.052234961835287e-05,3.965808063063987e-05,0.1846013658358379,2015,"{""type"":""MultiPoint"",""coordinates"":[]}"
0,"Tropical & Subtropical Grasslands, Savannas & Shrublands",13123.0503012899,Federal or national ministry or agency,II,Serengeti National Park,Not Reported,1951,916,sur_refl_b01,7402,0.1121227474094369,0.086217452195258,53385,0.1071407293650961,0.0808299101917442,0.1846013658358379,2016,"{""type"":""MultiPoint"",""coordinates"":[]}"
1,"Tropical & Subtropical Grasslands, Savannas & Shrublands",13123.0503012899,Federal or national ministry or agency,II,Serengeti National Park,Not Reported,1951,916,sur_refl_b02,7402,0.1635341916700782,0.1277502043890817,53385,0.165090589977579,0.1258612911235744,0.1846013658358379,2016,"{""type"":""MultiPoint"",""coordinates"":[]}"
2,"Tropical & Subtropical Grasslands, Savannas & Shrublands",13123.0503012899,Federal or national ministry or agency,II,Serengeti National Park,Not Reported,1951,916,sur_refl_b03,7402,0.0552289645605505,0.0424619746529902,53385,0.0525395650521331,0.0392216602743085,0.1846013658358379,2016,"{""type"":""MultiPoint"",""coordinates"":[]}"
3,"Tropical & Subtropical Grasslands, Savannas & Shrublands",13123.0503012899,Federal or national ministry or agency,II,Serengeti National Park,Not Reported,1951,916,sur_refl_b04,7402,0.0723407247621809,0.0580760951148261,53385,0.0698152755884595,0.0538815146103312,0.1846013658358379,2016,"{""type"":""MultiPoint"",""coordinates"":[]}"
4,"Tropical & Subtropical Grasslands, Savannas & Shrublands",13123.0503012899,Federal or national ministry or agency,II,Serengeti National Park,Not Reported,1951,916,NDVI,7402,4.336305783012277e-05,3.2359314342590883e-05,53385,4.059059366189459e-05,2.969038865990856e-05,0.1846013658358379,2016,"{""type"":""MultiPoint"",""coordinates"":[]}"
5,"Tropical & Subtropical Grasslands, Savannas & Shrublands",13123.0503012899,Federal or national ministry or agency,II,Serengeti National Park,Not Reported,1951,916,BSI,7402,5.476587198886877e-05,4.5561619983999286e-05,53385,4.886349348558771e-05,4.00041570514361e-05,0.1846013658358379,2016,"{""type"":""MultiPoint"",""coordinates"":[]}"
0,"Tropical & Subtropical Grasslands, Savannas & Shrublands",13123.0503012899,Federal or national ministry or agency,II,Serengeti National Park,Not Reported,1951,916,sur_refl_b01,7402,0.1065552411805461,0.0830078587030932,53385,0.1040569184803908,0.0815411196697216,0.1846013658358379,2017,"{""type"":""MultiPoint"",""coordinates"":[]}"
1,"Tropical & Subtropical Grasslands, Savannas & Shrublands",13123.0503012899,Federal or national ministry or agency,II,Serengeti National Park,Not Reported,1951,916,sur_refl_b02,7402,0.149558947959008,0.1109469439887156,53385,0.1512856753739334,0.1175992590081903,0.1846013658358379,2017,"{""type"":""MultiPoint"",""coordinates"":[]}"
2,"Tropical & Subtropical Grasslands, Savannas & Shrublands",13123.0503012899,Federal or national ministry or agency,II,Serengeti National Park,Not Reported,1951,916,sur_refl_b03,7402,0.0531027571852554,0.0412220507827483,53385,0.0512122955322248,0.0397979622844997,0.1846013658358379,2017,"{""type"":""MultiPoint"",""coordinates"":[]}"
3,"Tropical & Subtropical Grasslands, Savannas & Shrublands",13123.0503012899,Federal or national ministry or agency,II,Serengeti National Park,Not Reported,1951,916,sur_refl_b04,7402,0.0700826341897265,0.0550957232963743,53385,0.068824346737026,0.05509500640512,0.1846013658358379,2017,"{""type"":""MultiPoint"",""coordinates"":[]}"
4,"Tropical & Subtropical Grasslands, Savannas & Shrublands",13123.0503012899,Federal or national ministry or agency,II,Serengeti National Park,Not Reported,1951,916,NDVI,7402,3.942843529967335e-05,3.1741265218089e-05,53385,3.690654733455069e-05,2.89020105677223e-05,0.1846013658358379,2017,"{""type"":""MultiPoint"",""coordinates"":[]}"
5,"Tropical & Subtropical Grasslands, Savannas & Shrublands",13123.0503012899,Federal or national ministry or agency,II,Serengeti National Park,Not Reported,1951,916,BSI,7402,5.047553804380181e-05,4.4973418219207696e-05,53385,4.46127205887692e-05,3.956994767026349e-05,0.1846013658358379,2017,"{""type"":""MultiPoint"",""coordinates"":[]}"
0,"Tropical & Subtropical Grasslands, Savannas & Shrublands",13123.0503012899,Federal or national ministry or agency,II,Serengeti National Park,Not Reported,1951,916,sur_refl_b01,7402,0.1040683979923045,0.074770230367419,53385,0.1012165704467208,0.0738081884839578,0.1846013658358379,2018,"{""type"":""MultiPoint"",""coordinates"":[]}"
1,"Tropical & Subtropical Grasslands, Savannas & Shrublands",13123.0503012899,Federal or national ministry or agency,II,Serengeti National Park,Not Reported,1951,916,sur_refl_b02,7402,0.1547662280139401,0.1178506737556919,53385,0.1494230984048572,0.1112263570599752,0.1846013658358379,2018,"{""type"":""MultiPoint"",""coordinates"":[]}"
2,"Tropical & Subtropical Grasslands, Savannas & Shrublands",13123.0503012899,Federal or national ministry or agency,II,Serengeti National Park,Not Reported,1951,916,sur_refl_b03,7402,0.051024759407863,0.0361581424711843,53385,0.0492381521346013,0.0358512757433632,0.1846013658358379,2018,"{""type"":""MultiPoint"",""coordinates"":[]}"
3,"Tropical & Subtropical Grasslands, Savannas & Shrublands",13123.0503012899,Federal or national ministry or agency,II,Serengeti National Park,Not Reported,1951,916,sur_refl_b04,7402,0.064049034680461,0.0478299583008139,53385,0.0632279411968831,0.0482024503696265,0.1846013658358379,2018,"{""type"":""MultiPoint"",""coordinates"":[]}"
4,"Tropical & Subtropical Grasslands, Savannas & Shrublands",13123.0503012899,Federal or national ministry or agency,II,Serengeti National Park,Not Reported,1951,916,NDVI,7402,4.25080511521674e-05,3.0479550299697772e-05,53385,3.957718455428039e-05,2.8022428092882256e-05,0.1846013658358379,2018,"{""type"":""MultiPoint"",""coordinates"":[]}"
5,"Tropical & Subtropical Grasslands, Savannas & Shrublands",13123.0503012899,Federal or national ministry or agency,II,Serengeti National Park,Not Reported,1951,916,BSI,7402,5.319204605900268e-05,4.33430173162417e-05,53385,4.637603329002035e-05,3.674642161694783e-05,0.1846013658358379,2018,"{""type"":""MultiPoint"",""coordinates"":[]}"
0,"Tropical & Subtropical Grasslands, Savannas & Shrublands",13123.0503012899,Federal or national ministry or agency,II,Serengeti National Park,Not Reported,1951,916,sur_refl_b01,7402,0.0916950513566166,0.0685516759669567,53385,0.09092939986246,0.0690219492335249,0.1846013658358379,2019,"{""type"":""MultiPoint"",""coordinates"":[]}"
1,"Tropical & Subtropical Grasslands, Savannas & Shrublands",13123.0503012899,Federal or national ministry or agency,II,Serengeti National Park,Not Reported,1951,916,sur_refl_b02,7402,0.1538242584959547,0.1103223504734351,53385,0.1513243033058799,0.110062459052912,0.1846013658358379,2019,"{""type"":""MultiPoint"",""coordinates"":[]}"
2,"Tropical & Subtropical Grasslands, Savannas & Shrublands",13123.0503012899,Federal or national ministry or agency,II,Serengeti National Park,Not Reported,1951,916,sur_refl_b03,7402,0.0452693552677037,0.0343876798427221,53385,0.0449099787352447,0.033953750697502,0.1846013658358379,2019,"{""type"":""MultiPoint"",""coordinates"":[]}"
3,"Tropical & Subtropical Grasslands, Savannas & Shrublands",13123.0503012899,Federal or national ministry or agency,II,Serengeti National Park,Not Reported,1951,916,sur_refl_b04,7402,0.0609252863229702,0.0473176301334074,53385,0.0603908801252751,0.0469192565329399,0.1846013658358379,2019,"{""type"":""MultiPoint"",""coordinates"":[]}"
4,"Tropical & Subtropical Grasslands, Savannas & Shrublands",13123.0503012899,Federal or national ministry or agency,II,Serengeti National Park,Not Reported,1951,916,NDVI,7402,4.033513803740283e-05,3.0056171679488295e-05,53385,3.743143297081805e-05,2.709309401509149e-05,0.1846013658358379,2019,"{""type"":""MultiPoint"",""coordinates"":[]}"
5,"Tropical & Subtropical Grasslands, Savannas & Shrublands",13123.0503012899,Federal or national ministry or agency,II,Serengeti National Park,Not Reported,1951,916,BSI,7402,5.6043654118494645e-05,4.646903616419525e-05,53385,4.83292769782919e-05,3.837507556063284e-05,0.1846013658358379,2019,"{""type"":""MultiPoint"",""coordinates"":[]}"
0,"Tropical & Subtropical Grasslands, Savannas & Shrublands",13123.0503012899,Federal or national ministry or agency,II,Serengeti National Park,Not Reported,1951,916,sur_refl_b01,7402,0.0791744921346077,0.059457528927072,53385,0.0782313256655695,0.0584186414400911,0.1846013658358379,2020,"{""type"":""MultiPoint"",""coordinates"":[]}"
1,"Tropical & Subtropical Grasslands, Savannas & Shrublands",13123.0503012899,Federal or national ministry or agency,II,Serengeti National Park,Not Reported,1951,916,sur_refl_b02,7402,0.1748919871998432,0.144302730781473,53385,0.1642718043788154,0.1222183673520522,0.1846013658358379,2020,"{""type"":""MultiPoint"",""coordinates"":[]}"
2,"Tropical & Subtropical Grasslands, Savannas & Shrublands",13123.0503012899,Federal or national ministry or agency,II,Serengeti National Park,Not Reported,1951,916,sur_refl_b03,7402,0.0408354208594638,0.0307788533726863,53385,0.0399094304562287,0.0299322048844439,0.1846013658358379,2020,"{""type"":""MultiPoint"",""coordinates"":[]}"
3,"Tropical & Subtropical Grasslands, Savannas & Shrublands",13123.0503012899,Federal or national ministry or agency,II,Serengeti National Park,Not Reported,1951,916,sur_refl_b04,7402,0.0549538015031538,0.0425171505885179,53385,0.0537406901129334,0.0398174356358529,0.1846013658358379,2020,"{""type"":""MultiPoint"",""coordinates"":[]}"
4,"Tropical & Subtropical Grasslands, Savannas & Shrublands",13123.0503012899,Federal or national ministry or agency,II,Serengeti National Park,Not Reported,1951,916,NDVI,7402,3.908728666059305e-05,3.2530295410664946e-05,53385,3.69341541010789e-05,2.759570581373788e-05,0.1846013658358379,2020,"{""type"":""MultiPoint"",""coordinates"":[]}"
5,"Tropical & Subtropical Grasslands, Savannas & Shrublands",13123.0503012899,Federal or national ministry or agency,II,Serengeti National Park,Not Reported,1951,916,BSI,7402,5.355099352801576e-05,4.436411565994791e-05,53385,4.821500792684831e-05,3.6649882457178566e-05,0.1846013658358379,2020,"{""type"":""MultiPoint"",""coordinates"":[]}"
0,"Tropical & Subtropical Grasslands, Savannas & Shrublands",13123.0503012899,Federal or national ministry or agency,II,Serengeti National Park,Not Reported,1951,916,sur_refl_b01,7402,0.0871942581023722,0.0681292416264449,53385,0.0874794862186341,0.0666127181728979,0.1846013658358379,2021,"{""type"":""MultiPoint"",""coordinates"":[]}"
1,"Tropical & Subtropical Grasslands, Savannas & Shrublands",13123.0503012899,Federal or national ministry or agency,II,Serengeti National Park,Not Reported,1951,916,sur_refl_b02,7402,0.164476626164325,0.1306131051323231,53385,0.1637078007510542,0.1224793176700157,0.1846013658358379,2021,"{""type"":""MultiPoint"",""coordinates"":[]}"
2,"Tropical & Subtropical Grasslands, Savannas & Shrublands",13123.0503012899,Federal or national ministry or agency,II,Serengeti National Park,Not Reported,1951,916,sur_refl_b03,7402,0.0428715209491318,0.0333052645697828,53385,0.0430426515212955,0.0325534741340469,0.1846013658358379,2021,"{""type"":""MultiPoint"",""coordinates"":[]}"
3,"Tropical & Subtropical Grasslands, Savannas & Shrublands",13123.0503012899,Federal or national ministry or agency,II,Serengeti National Park,Not Reported,1951,916,sur_refl_b04,7402,0.0579013833029605,0.0459706993469741,53385,0.0582507677572014,0.0444700938271167,0.1846013658358379,2021,"{""type"":""MultiPoint"",""coordinates"":[]}"
4,"Tropical & Subtropical Grasslands, Savannas & Shrublands",13123.0503012899,Federal or national ministry or agency,II,Serengeti National Park,Not Reported,1951,916,NDVI,7402,4.079215684203252e-05,3.0922622545673696e-05,53385,3.9559412089352766e-05,2.903250741548049e-05,0.1846013658358379,2021,"{""type"":""MultiPoint"",""coordinates"":[]}"
5,"Tropical & Subtropical Grasslands, Savannas & Shrublands",13123.0503012899,Federal or national ministry or agency,II,Serengeti National Park,Not Reported,1951,916,BSI,7402,5.476784424679753e-05,4.264173566816049e-05,53385,5.156099880226572e-05,3.973702093177192e-05,0.1846013658358379,2021,"{""type"":""MultiPoint"",""coordinates"":[]}"
0,"Tropical & Subtropical Grasslands, Savannas & Shrublands",13123.0503012899,Federal or national ministry or agency,II,Serengeti National Park,Not Reported,1951,916,sur_refl_b01,7402,0.0989488722425396,0.0778300648920003,53385,0.0955909886838767,0.0721125508813061,0.1846013658358379,2022,"{""type"":""MultiPoint"",""coordinates"":[]}"
1,"Tropical & Subtropical Grasslands, Savannas & Shrublands",13123.0503012899,Federal or national ministry or agency,II,Serengeti National Park,Not Reported,1951,916,sur_refl_b02,7402,0.1621787720313092,0.1284640019694112,53385,0.1581362142716393,0.1184758412403416,0.1846013658358379,2022,"{""type"":""MultiPoint"",""coordinates"":[]}"
2,"Tropical & Subtropical Grasslands, Savannas & Shrublands",13123.0503012899,Federal or national ministry or agency,II,Serengeti National Park,Not Reported,1951,916,sur_refl_b03,7402,0.0486919413003441,0.0389602175211483,53385,0.0475095455135324,0.0357196386238934,0.1846013658358379,2022,"{""type"":""MultiPoint"",""coordinates"":[]}"
3,"Tropical & Subtropical Grasslands, Savannas & Shrublands",13123.0503012899,Federal or national ministry or agency,II,Serengeti National Park,Not Reported,1951,916,sur_refl_b04,7402,0.0644446878692102,0.0538377735982536,53385,0.0636180358165944,0.0493009993877495,0.1846013658358379,2022,"{""type"":""MultiPoint"",""coordinates"":[]}"
4,"Tropical & Subtropical Grasslands, Savannas & Shrublands",13123.0503012899,Federal or national ministry or agency,II,Serengeti National Park,Not Reported,1951,916,NDVI,7402,4.325184296979808e-05,3.109220737442636e-05,53385,4.021940514104285e-05,2.9122652694614732e-05,0.1846013658358379,2022,"{""type"":""MultiPoint"",""coordinates"":[]}"
5,"Tropical & Subtropical Grasslands, Savannas & Shrublands",13123.0503012899,Federal or national ministry or agency,II,Serengeti National Park,Not Reported,1951,916,BSI,7402,5.572966797233817e-05,4.6920195519850125e-05,53385,4.850698694258925e-05,3.876899446040531e-05,0.1846013658358379,2022,"{""type"":""MultiPoint"",""coordinates"":[]}"
0,"Tropical & Subtropical Grasslands, Savannas & Shrublands",13123.0503012899,Federal or national ministry or agency,II,Serengeti National Park,Not Reported,1951,916,sur_refl_b01,7402,0.1001061148475606,0.0793206346524325,53385,0.0975739590729946,0.0744692779301774,0.1846013658358379,2023,"{""type"":""MultiPoint"",""coordinates"":[]}"
1,"Tropical & Subtropical Grasslands, Savannas & Shrublands",13123.0503012899,Federal or national ministry or agency,II,Serengeti National Park,Not Reported,1951,916,sur_refl_b02,7402,0.2486865425844032,0.1860628620360775,53385,0.2303519428297755,0.1645914539339941,0.1846013658358379,2023,"{""type"":""MultiPoint"",""coordinates"":[]}"
2,"Tropical & Subtropical Grasslands, Savannas & Shrublands",13123.0503012899,Federal or national ministry or agency,II,Serengeti National Park,Not Reported,1951,916,sur_refl_b03,7402,0.051447206654131,0.0406714656873011,53385,0.0494761598016343,0.0374613910855671,0.1846013658358379,2023,"{""type"":""MultiPoint"",""coordinates"":[]}"
3,"Tropical & Subtropical Grasslands, Savannas & Shrublands",13123.0503012899,Federal or national ministry or agency,II,Serengeti National Park,Not Reported,1951,916,sur_refl_b04,7402,0.0696267668004282,0.0557080168739521,53385,0.0679876904332337,0.0524561894477002,0.1846013658358379,2023,"{""type"":""MultiPoint"",""coordinates"":[]}"
4,"Tropical & Subtropical Grasslands, Savannas & Shrublands",13123.0503012899,Federal or national ministry or agency,II,Serengeti National Park,Not Reported,1951,916,NDVI,7402,5.598215836923737e-05,4.214098229009909e-05,53385,5.214884115267664e-05,3.692931595245616e-05,0.1846013658358379,2023,"{""type"":""MultiPoint"",""coordinates"":[]}"
5,"Tropical & Subtropical Grasslands, Savannas & Shrublands",13123.0503012899,Federal or national ministry or agency,II,Serengeti National Park,Not Reported,1951,916,BSI,7402,8.673563758658554e-05,6.752901073062456e-05,53385,7.6792846836618e-05,5.629630527884834e-05,0.1846013658358379,2023,"{""type"":""MultiPoint"",""coordinates"":[]}"
